<?xml version="1.0" encoding="UTF-8"?>
<addon id="skin.chill" version="1.0" name="Chill" provider-name="Mark">
    <requires>
        <import addon="xbmc.gui" version="5.12.0"/>
        <import addon="script.skinshortcuts" version="1.0.13"/>
        <import addon="resource.images.weathericons.outline" version="0.0.5"/>
        <import addon="resource.images.weatherfanart.single" version="0.0.6"/>
        <import addon="script.musicfinder" version="1.0.0"/>
    </requires>
    <extension point="xbmc.gui.skin" debugging="false">
        <res width="1920" height="1080" aspect="16:9" default="true" folder="1080i" />
    </extension>
    <extension point="xbmc.addon.metadata">
        <summary lang="en">A skin for Kodi by Mark</summary>
        <description lang="en">Built for the living room, Pellucid is a clean and simple kodi experience designed for maximum usability and minimum fuss. Skin Shortcuts addon support is available for full menu customisation.</description>
        <platform>all</platform>
        <license>Creative Commons Attribution-Noncommercial-Share Alike 3.0</license>
        <forum>http://forum.kodi.tv/forumdisplay.php?fid=267</forum>
        <source>https://github.com/chrisbevan/skin.pellucid</source>
        <assets>
            <icon>resources/icon.png</icon>
            <fanart>resources/fanart.jpg</fanart>
            <screenshot>resources/screenshot-01.jpg</screenshot>
            <screenshot>resources/screenshot-02.jpg</screenshot>
            <screenshot>resources/screenshot-03.jpg</screenshot>
            <screenshot>resources/screenshot-04.jpg</screenshot>
            <screenshot>resources/screenshot-05.jpg</screenshot>
            <screenshot>resources/screenshot-06.jpg</screenshot>
            <screenshot>resources/screenshot-07.jpg</screenshot>
            <screenshot>resources/screenshot-08.jpg</screenshot>
            <screenshot>resources/screenshot-09.jpg</screenshot>
        </assets>
    </extension>
</addon>
