<?xml version="1.0" encoding="UTF-8"?>
<window type="dialog" id="1104">
    <onload>control.setfocus(9002)</onload>
    <onunload>control.setfocus(9999)</onunload>
    <include>fadeInOut</include>
    <controls>
        <control type="group">
            <control type="image">
                <include>dimensionsFullscreen</include>
                <texture>colors/black.png</texture>
                <colordiffuse>ccFFFFFF</colordiffuse>
                <aspectratio>stretch</aspectratio>
            </control>
            <control type="image">
                <include>dimensionsFullscreen</include>
                <texture>vignette.png</texture>
                <colordiffuse>ffffffff</colordiffuse>
                <aspectratio>stretch</aspectratio>
            </control>
            <control type="group" id="9002">
                <!--menu items-->
                <control type="grouplist" id="9004">
                    <posx>col-10-begin</posx>
                    <posy>8-row</posy>
                    <itemgap>0</itemgap>
                    <width>6-col</width>
                    <height>17-row</height>
                    <itemgap>0</itemgap>
                    <include condition="[String.IsEqual(skin.string(recentitems),video) + Window.isactive(1106)] | Window.isactive(Videos) | window.isactive(videoplaylist) | window.isactive(tvchannels) | window.isactive(tvguide) | window.isactive(TVRecordings) | window.isactive(tvtimers)">videoSideMenu</include>
                    <include condition="[String.IsEqual(skin.string(recentitems),music) + Window.isactive(1106)] | Window.isactive(Music) | window.isactive(musicplaylist) | window.isactive(radiochannels)">musicSideMenu</include>
                    <include condition="window.isactive(pictures)">picturesSideMenu</include>
                    <include condition="window.isactive(addonbrowser)">addonsSideMenu</include>
                </control>
                <control type="label">
                    <posx>0</posx>
                    <posy>0</posy>
                    <width></width>
                    <height></height>
