<?xml version="1.0" encoding="UTF-8"?>
<window>
    <!--keyboard control: o-->
     <controls>
        <control type="image">
            <posx>0</posx>
            <posy>0</posy>
            <width>fullscreenWidth</width>
            <height>fullscreenHeight</height>
            <texture>colors/black.png</texture>
            <colordiffuse>textboxInactive</colordiffuse>
            <aspectratio>stretch</aspectratio>
        </control>
        <control type="grouplist">
            <posx>col-1-begin</posx>
            <posy>row-5-begin</posy>
            <control type="label">
                <width>24-col</width>
                <label>$INFO[PVR.ActStreamServiceName,$LOCALIZE[19099]: ]</label>
            </control>
            <control type="label">
                <width>24-col</width>
                <label>$INFO[PVR.ActStreamProviderName,$LOCALIZE[19101]: ]</label>
            </control>
            <control type="label">
                <width>24-col</width>
                <label>$INFO[PVR.ActStreamClient,[$LOCALIZE[19012]: ]</label>
            </control>
            <control type="label">
                <width>24-col</width>
                <label>$INFO[PVR.ActStreamDevice,$LOCALIZE[19006]: ]</label>
            </control>
            <control type="label">
                <width>24-col</width>
                <label>$INFO[PVR.ActStreamStatus,$LOCALIZE[19007]: ]</label>
            </control>
            <control type="label">
                <width>24-col</width>
                <label>$INFO[PVR.ActStreamEncryptionName,$LOCALIZE[19015]: ]</label>
            </control>
            <control type="label">
                <width>24-col</width>
                <label>$INFO[PVR.ActStreamBer,$LOCALIZE[19010]: ]</label>
            </control>
            <control type="label">
                <width>24-col</width>
                <label>$INFO[PVR.ActStreamUnc,$LOCALIZE[19011]: ]</label>
            </control>
            <control type="label">
                <width>24-col</width>
                <label>$INFO[PVR.ActStreamMux,$LOCALIZE[19100]: ]</label>
            </control>
            <control type="label">
                <width>24-col</width>
                <label>$INFO[PVR.ActStreamSignal,$LOCALIZE[19008]: ]</label>
            </control>
            <control type="label">
                <width>24-col</width>
                <label>$INFO[PVR.ActStreamSNR,$LOCALIZE[19009]: ]</label>
            </control> 
            <control type="label">
                <width>24-col</width>
                <label>$INFO[Player.Process(pixformat),$LOCALIZE[31114]: ]</label>
            </control>
            <control type="label">
                <width>24-col</width>
                <label>$INFO[Player.Process(deintmethod),$LOCALIZE[16038]: ]</label>
            </control>
            <control type="label">
                <width>24-col</width>
                <label>$INFO[Player.Process(videowidth),$LOCALIZE[38031]: ,x]$INFO[Player.Process(videoheight),,px]$INFO[Player.Process(videodar),$COMMA , AR]$INFO[Player.Process(videofps),$COMMA , FPS]</label>
            </control>
            <control type="label">
                <width>24-col</width>
                <label>$LOCALIZE[460]: $INFO[Player.Process(audiochannels)] $INFO[Player.Process(audiodecoder)] $INFO[Player.Process(audiobitspersample),,bits] $INFO[Player.Process(audiosamplerate),,Hz]</label>
            </control>
            <control type="label">
                <width>24-col</width>
                <label>$INFO[System.Memory(used.percent),$LOCALIZE[31030]: ,       ]$INFO[System.CpuUsage,$LOCALIZE[13271] ]</label>
            </control>
        </control>
        <!--debugging-->
        <include>DebugGrid</include>
        <control type="label">
            <include>DialogID</include>
            <label>DialogPlayerProcessInfo.xml</label>
        </control>
    </controls>
</window>