<?xml version="1.0" encoding="UTF-8" standalone="yes"?>
<addon id="repository.markcamilleri" name="Mark Camilleri" version="0.0.2" provider-name="Mark Camilleri">
	<extension point="xbmc.addon.repository" name="Mark Camilleri">
		<dir>
			<info compressed="false">https://raw.githubusercontent.com/noobsandnerds/modules4all/master/zips/addons.xml</info>
			<checksum>https://raw.githubusercontent.com/noobsandnerds/modules4all/master/zips/addons.xml.md5</checksum>
			<datadir zip="true">https://raw.githubusercontent.com/noobsandnerds/modules4all/master/zips/</datadir>
		</dir>
		<info compressed="false">https://raw.githubusercontent.com/markcamilleri/kodi/master/zips/addons.xml</info>
		<checksum>https://raw.githubusercontent.com/markcamilleri/kodi/master/zips/addons.xml.md5</checksum>
		<datadir zip="true">https://raw.githubusercontent.com/markcamilleri/kodi/master/zips/</datadir>
	</extension>
	<extension point="xbmc.addon.metadata">
		<summary lang="en">My Kodi Add-ons</summary>
		<description lang="en">Personal</description>
		<genre></genre>
	</extension>
</addon>