<?xml version="1.0" encoding="UTF-8"?>
<window id="1106">
    <defaultcontrol always="true">9000</defaultcontrol>
    <onload condition="Skin.hassetting(stopVideoOnMenu) + !Player.HasAudio">PlayerControl(stop)</onload>
    <include>fadeInOut</include>
    <controls>
        <control type="group" id="9999">
            <!--shift page for certain modal dialogs-->
            <include>modalDialogContentShift</include>
            <!--fanart-->
            <control type="group">
                <control type="image">
                    <visible>String.IsEqual(skin.string(recentitems),video)</visible>
                    <posx>0</posx>
                    <posy>0</posy>
                    <width>fullscreenWidth</width>
                    <height>fullscreenHeight</height>
                    <aspectratio scalediffuse="false">stretch</aspectratio>
                    <texture background="true" fallback="special://skin/extras/backgrounds/videos.jpg" border="0">$INFO[container(9998).listitem.art(fanart)]</texture>
                    <fadetime>500</fadetime>
                    <colordiffuse>77FFFFFF</colordiffuse>
                    <include>kenBurnsey</include>
                </control>
                <control type="image">
                    <visible>String.IsEqual(skin.string(recentitems),music)</visible>
                    <posx>0</posx>
                    <posy>0</posy>
                    <width>fullscreenWidth</width>
                    <height>fullscreenHeight</height>
                    <aspectratio scalediffuse="false">stretch</aspectratio>
                    <texture background="true" fallback="special://skin/extras/backgrounds/music.jpg" border="0">$INFO[container(9998).listitem.art(fanart)]</texture>
                    <fadetime>500</fadetime>
                    <colordiffuse>77FFFFFF</colordiffuse>
                    <include>kenBurnsey</include>
                </control>
                <control type="image">
                    <include>dimensionsFullscreen</include>
                    <texture>vignette.png</texture>
                    <colordiffuse>ffffffff</colordiffuse>
                    <aspectratio>stretch</aspectratio>
                </control>
            </control>
            <control type="group">
                <!--overlay-->
                <control type="group">
                    <animation type="conditional" condition="control.hasfocus(9001)">
                        <effect type="fade" start="100" end="0" time="200"/>
                    </animation>
                    <posy>row-19-begin</posy>
                    <posy>0</posy>
                    <control type="image">
                        <include>dimensionsFullscreen</include>
                        <texture>colors/black.png</texture>
                        <colordiffuse>ffFFFFFF</colordiffuse>
                        <aspectratio>stretch</aspectratio>
                    </control>
                    <include>globalBackground</include>
                    <control type="image">
                        <posx>0</posx>
                        <posy>0</posy>
                        <width>fullscreenWidth</width>
                        <height>3</height>
                        <aspectratio scalediffuse="false">stretch</aspectratio>
                        <texture border="0">colors/white.png</texture>
                        <colordiffuse>highlight</colordiffuse>
                    </control>
                </control>
                <!--titles-->
                <control type="group">
                    <animation type="conditional" condition="!control.hasfocus(9998)">
                        <effect type="fade" start="100" end="0" time="200"/>
                    </animation>
                    <animation type="conditional" condition="control.hasfocus(9998)">
                        <effect type="slide" start="800" end="0" tween="cubic" easing="out" delay="600" time="400"/>
                        <effect type="fade" start="0" end="100" delay="600" time="200"/>
                    </animation>
                    <posx>col-1-begin</posx>
                    <posy>row-8-begin</posy>
                    <control type="label">
                        <visible>Container(9123).HasFocus(1) | Container(9123).HasFocus(6)</visible>
                        <posx>24-col</posx>
                        <posy>0</posy>
                        <width>24-col</width>
                        <height>8-row</height>
                        <align>right</align>
                        <font>veryLargeLight</font>
                        <textcolor>66ffffff</textcolor>
                        <shadowcolor>-</shadowcolor>
                        <wrapmultiline>true</wrapmultiline>
                        <label>[B]$INFO[container(9998).listitem.title][/B][CR]$INFO[container(9998).listitem.year,,.]$INFO[container(9998).listitem.director, ,]</label>
                    </control>
                    <control type="label">
                        <visible>Container(9123).HasFocus(7)</visible>
                        <posx>24-col</posx>
                        <posy>0</posy>
                        <width>24-col</width>
                        <height>8-row</height>
                        <align>right</align>
                        <font>veryLargeLight</font>
                        <textcolor>66ffffff</textcolor>
                        <shadowcolor>-</shadowcolor>
                        <wrapmultiline>true</wrapmultiline>
                        <label>[B]$INFO[container(9998).listitem.tvshowtitle][/B][CR]$INFO[container(9998).ListItem.Season,$LOCALIZE[31011] , ]$INFO[container(9998).ListItem.Episode,$LOCALIZE[31204] ,]</label>
                    </control>
                    <control type="label">
                        <visible>Container(9123).HasFocus(2)</visible>
                        <posx>24-col</posx>
                        <posy>0</posy>
                        <width>24-col</width>
                        <height>8-row</height>
                        <align>right</align>
                        <font>veryLargeLight</font>
                        <textcolor>66ffffff</textcolor>
                        <shadowcolor>-</shadowcolor>
                        <wrapmultiline>true</wrapmultiline>
                        <label>[B]$INFO[container(9998).listitem.tvshowtitle][/B][CR]$INFO[container(9998).ListItem.Property(UnWatchedEpisodes),, $LOCALIZE[31045],]</label>
                    </control>
                    <control type="label">
                        <visible>container(9123).hasfocus(3) | container(9123).hasfocus(4) | container(9123).hasfocus(5)</visible>
                        <posx>24-col</posx>
                        <posy>0</posy>
                        <width>24-col</width>
                        <height>6-row</height>
                        <align>right</align>
                        <font>veryLargeLight</font>
                        <textcolor>66ffffff</textcolor>
                        <shadowcolor>-</shadowcolor>
                        <wrapmultiline>true</wrapmultiline>
                        <label>[B]$INFO[container(9998).listitem.artist][/B][CR]$INFO[container(9998).listitem.title] $INFO[container(9998).listitem.year,(,)]</label>
                    </control>
                </control>
            </control>
            <!--content listing: movies and tvshows-->
            <control type="panel" id="9998">
                <animation type="conditional" condition="control.hasfocus(9001)">
                    <effect type="fade" start="100" end="0" time="200"/>
                </animation>
                <visible>container(9123).hasfocus(1) | container(9123).hasfocus(2) | container(9123).hasfocus(6)</visible>
                <posx>72</posx>
                <posy>row-20-begin</posy>
                <width>1848</width>
                <height>9-row</height>
                <onup>9123</onup>
                <onleft>9000</onleft>
                <onback>9000</onback>
                <orientation>horizontal</orientation>
                <onback>control.setfocus(9000)</onback>
                <content>$INFO[control.getlabel(9123)]</content>
                <onclick condition="container(9123).hasfocus(2)">activatewindow(Videos,videodb://tvshows/titles/$INFO[listitem.dbid])</onclick>
                <itemlayout width="228" height="312">
                    <control type="image">
                        <posx>0</posx>
                        <posy>0</posy>
                        <width>3-col-gutter</width>
                        <height>288</height>
                        <aspectratio>stretch</aspectratio>
                        <texture border="6">DefaultPoster.png</texture>
                        <bordertexture border="6" colordiffuse="overlay">colors/black.png</bordertexture>
                        <bordersize>6</bordersize>
                        <colordiffuse>ff777777</colordiffuse>
                    </control>
                    <!--movie-->
                    <control type="label">
                        <visible>container(9123).hasfocus(1)</visible>
                        <posx>12</posx>
                        <posy>2-row</posy>
                        <width>168</width>
                        <height>2-row</height>
                        <align>center</align>
                        <aligny>center</aligny>
                        <font>regularStrong</font>
                        <textcolor>textDisabled</textcolor>
                        <label>$INFO[ListItem.title]</label>
                    </control>
                    <control type="label">
                        <visible>container(9123).hasfocus(1)</visible>
                        <posx>12</posx>
                        <posy>3-row</posy>
                        <width>168</width>
                        <height>2-row</height>
                        <align>center</align>
                        <aligny>center</aligny>
                        <font>buttonTitle</font>
                        <textcolor>textDisabled</textcolor>
                        <label>$INFO[ListItem.year]</label>
                    </control>
                    <!--tvshow-->
                    <control type="label">
                        <visible>container(9123).hasfocus(2)</visible>
                        <posx>12</posx>
                        <posy>2-row</posy>
                        <width>168</width>
                        <height>2-row</height>
                        <align>center</align>
                        <aligny>center</aligny>
                        <font>regularStrong</font>
                        <textcolor>textDisabled</textcolor>
                        <label>$INFO[ListItem.tvshowtitle]</label>
                    </control>
                    <control type="label">
                        <visible>container(9123).hasfocus(2)</visible>
                        <posx>12</posx>
                        <posy>3-row</posy>
                        <width>168</width>
                        <height>2-row</height>
                        <align>center</align>
                        <aligny>center</aligny>
                        <font>buttonTitle</font>
                        <textcolor>textDisabled</textcolor>
                        <label>$INFO[ListItem.season,$LOCALIZE[31011] ,]</label>
                    </control>
                    <control type="image">
                        <posx>0</posx>
                        <posy>0</posy>
                        <width>3-col-gutter</width>
                        <height>288</height>
                        <aspectratio>stretch</aspectratio>
                        <texture border="6">$INFO[ListItem.Art(poster)]</texture>
                        <bordertexture border="6" colordiffuse="overlay">colors/black.png</bordertexture>
                        <bordersize>6</bordersize>
                        <colordiffuse>ffffffff</colordiffuse>
                    </control>
                </itemlayout>
                <focusedlayout width="3-col" height="312">
                    <control type="group">
                        <include>focusThumb</include>
                        <control type="image">
                            <posx>0</posx>
                            <posy>0</posy>
                            <width>3-col-gutter</width>
                            <height>288</height>
                            <aspectratio>stretch</aspectratio>
                            <texture border="6">DefaultPoster.png</texture>
                            <bordertexture border="6" colordiffuse="ffFFFFFF">colors/white.png</bordertexture>
                            <bordersize>6</bordersize>
                            <colordiffuse>ff666666</colordiffuse>
                        </control>
                        <!--movie-->
                        <control type="label">
                            <visible>container(9123).hasfocus(1)</visible>
                            <posx>12</posx>
                            <posy>2-row</posy>
                            <width>168</width>
                            <height>2-row</height>
                            <align>center</align>
                            <aligny>center</aligny>
                            <font>regularStrong</font>
                            <textcolor>textDisabled</textcolor>
                            <label>$INFO[ListItem.title]</label>
                        </control>
                        <control type="label">
                            <visible>container(9123).hasfocus(1)</visible>
                            <posx>12</posx>
                            <posy>3-row</posy>
                            <width>168</width>
                            <height>2-row</height>
                            <align>center</align>
                            <aligny>center</aligny>
                            <font>buttonTitle</font>
                            <textcolor>textDisabled</textcolor>
                            <label>$INFO[ListItem.year]</label>
                        </control>
                        <!--tvshow-->
                        <control type="label">
                            <visible>container(9123).hasfocus(2)</visible>
                            <posx>12</posx>
                            <posy>2-row</posy>
                            <width>168</width>
                            <height>2-row</height>
                            <align>center</align>
                            <aligny>center</aligny>
                            <font>regularStrong</font>
                            <textcolor>textDisabled</textcolor>
                            <label>$INFO[ListItem.tvshowtitle]</label>
                        </control>
                        <control type="label">
                            <visible>container(9123).hasfocus(2)</visible>
                            <posx>12</posx>
                            <posy>3-row</posy>
                            <width>168</width>
                            <height>2-row</height>
                            <align>center</align>
                            <aligny>center</aligny>
                            <font>buttonTitle</font>
                            <textcolor>textDisabled</textcolor>
                            <label>$INFO[ListItem.season,$LOCALIZE[31011] ,]</label>
                        </control>
                        <control type="image">
                            <posx>0</posx>
                            <posy>0</posy>
                            <width>3-col-gutter</width>
                            <height>288</height>
                            <aspectratio>stretch</aspectratio>
                            <texture border="6">$INFO[ListItem.Art(poster)]</texture>
                            <bordertexture border="6" colordiffuse="ffFFFFFF">colors/white.png</bordertexture>
                            <bordersize>6</bordersize>
                            <colordiffuse>ffffffff</colordiffuse>
                        </control>
                    </control>
                </focusedlayout>
            </control>
            <!--content listing: episodes-->
            <control type="panel" id="9998">
                <animation type="conditional" condition="control.hasfocus(9001)">
                    <effect type="fade" start="100" end="0" time="200"/>
                </animation>
                <visible>container(9123).hasfocus(7)</visible>
                <posx>72</posx>
                <posy>row-20-begin</posy>
                <width>1848</width>
                <height>9-row</height>
                <onup>9123</onup>
                <onleft>9000</onleft>
                <onback>9000</onback>
                <orientation>horizontal</orientation>
                <onback>control.setfocus(9000)</onback>
                <content>$INFO[control.getlabel(9123)]</content>
                <itemlayout width="420" height="312">
                    <control type="image">
                        <posx>0</posx>
                        <posy>0</posy>
                        <width>384</width>
                        <height>288</height>
                        <aspectratio>stretch</aspectratio>
                        <texture border="6">DefaultPoster.png</texture>
                        <bordertexture border="6" colordiffuse="overlay">colors/black.png</bordertexture>
                        <bordersize>6</bordersize>
                        <colordiffuse>overlay</colordiffuse>
                    </control>
                    <control type="image">
                        <posx>0</posx>
                        <posy>0</posy>
                        <width>384</width>
                        <height>288</height>
                        <aspectratio>scale</aspectratio>
                        <texture border="6">$INFO[ListItem.Art(thumb)]</texture>
                        <bordertexture border="6" colordiffuse="overlay">colors/black.png</bordertexture>
                        <bordersize>6</bordersize>
                        <colordiffuse>ffffffff</colordiffuse>
                    </control>
                    <control type="label">
                        <posx>24</posx>
                        <posy>5-row</posy>
                        <width>336</width>
                        <height>2-row</height>
                        <aligny>center</aligny>
                        <font>buttonTitle</font>
                        <textcolor>textActive</textcolor>
                        <label>[B]$INFO[ListItem.tvshowtitle][/B]</label>
                        <shadowcolor>11FFFFFF</shadowcolor>
                    </control>
                    <control type="label">
                        <posx>24</posx>
                        <posy>6-row</posy>
                        <width>336</width>
                        <height>2-row</height>
                        <aligny>center</aligny>
                        <font>buttonTitle</font>
                        <textcolor>textActive</textcolor>
                        <label>$INFO[ListItem.Season,$LOCALIZE[31011] , ]$INFO[ListItem.Episode,$LOCALIZE[31204] ,]</label>
                        <shadowcolor>11FFFFFF</shadowcolor>
                    </control>
                </itemlayout>
                <focusedlayout width="420" height="312">
                    <control type="group">
                        <include>focusThumb</include>
                        <control type="image">
                            <posx>0</posx>
                            <posy>0</posy>
                            <width>384</width>
                            <height>288</height>
                            <aspectratio>stretch</aspectratio>
                            <texture border="6">DefaultPoster.png</texture>
                            <bordertexture border="6" colordiffuse="ffFFFFFF">colors/white.png</bordertexture>
                            <bordersize>6</bordersize>
                            <colordiffuse>ffffffff</colordiffuse>
                        </control>
                        <control type="image">
                            <posx>0</posx>
                            <posy>0</posy>
                            <width>384</width>
                            <height>288</height>
                            <aspectratio>scale</aspectratio>
                            <texture border="6">$INFO[ListItem.Art(thumb)]</texture>
                            <bordertexture border="6" colordiffuse="ffFFFFFF">colors/white.png</bordertexture>
                            <bordersize>6</bordersize>
                            <colordiffuse>ffffffff</colordiffuse>
                        </control>
                        <control type="label">
                            <posx>24</posx>
                            <posy>5-row</posy>
                            <width>336</width>
                            <height>2-row</height>
                            <aligny>center</aligny>
                            <font>buttonTitle</font>
                            <textcolor>textActive</textcolor>
                            <label>[B]$INFO[ListItem.tvshowtitle][/B]</label>
                            <shadowcolor>11FFFFFF</shadowcolor>
                        </control>
                        <control type="label">
                            <posx>24</posx>
                            <posy>6-row</posy>
                            <width>336</width>
                            <height>2-row</height>
                            <aligny>center</aligny>
                            <font>buttonTitle</font>
                            <textcolor>textActive</textcolor>
                            <label>$INFO[ListItem.Season,$LOCALIZE[31011] , ]$INFO[ListItem.Episode,$LOCALIZE[31204] ,]</label>
                            <shadowcolor>11FFFFFF</shadowcolor>
                        </control>
                    </control>
                </focusedlayout>
            </control>
            <!--content listing: Music-->
            <control type="panel" id="9998">
                <animation type="conditional" condition="control.hasfocus(9001)">
                    <effect type="fade" start="100" end="0" time="200"/>
                </animation>
                <visible>container(9123).hasfocus(3) | container(9123).hasfocus(4) | container(9123).hasfocus(5)</visible>
                <posx>72</posx>
                <posy>row-20-begin</posy>
                <width>1848</width>
                <height>9-row</height>
                <onup>9123</onup>
                <onleft>9000</onleft>
                <onback>9000</onback>
                <orientation>horizontal</orientation>
                <onclick>activatewindow(music,musicdb://albums/$INFO[listitem.DBID],return)</onclick>
                <onclick>Control.SetFocus(50)</onclick>
                <content>$INFO[control.getlabel(9123)]</content>
                <itemlayout width="300" height="4-col">
                    <control type="image">
                        <posx>0</posx>
                        <posy>0</posy>
                        <width>4-col-gutter</width>
                        <height>4-col-gutter</height>
                        <aspectratio>stretch</aspectratio>
                        <texture border="6">DefaultAlbumCover.png</texture>
                        <bordertexture border="6" colordiffuse="11FFFFFF">colors/black.png</bordertexture>
                        <bordersize>6</bordersize>
                        <colordiffuse>overlay</colordiffuse>
                    </control>
                    <control type="label">
                        <visible>!controlgroup(9000).hasfocus</visible>
                        <posx>12</posx>
                        <posy>2-row</posy>
                        <width>240</width>
                        <height>2-row</height>
                        <align>center</align>
                        <aligny>center</aligny>
                        <font>regularStrong</font>
                        <textcolor>textDisabled</textcolor>
                        <label>$INFO[ListItem.title]</label>
                    </control>
                    <control type="label">
                        <visible>!controlgroup(9000).hasfocus</visible>
                        <posx>12</posx>
                        <posy>3-row</posy>
                        <width>240</width>
                        <height>2-row</height>
                        <align>center</align>
                        <aligny>center</aligny>
                        <font>buttonTitle</font>
                        <textcolor>textDisabled</textcolor>
                        <label>$INFO[ListItem.artist]</label>
                    </control>
                    <control type="image">
                        <posx>0</posx>
                        <posy>0</posy>
                        <width>4-col-gutter</width>
                        <height>4-col-gutter</height>
                        <aspectratio>stretch</aspectratio>
                        <texture border="6">$INFO[ListItem.Art(thumb)]</texture>
                        <bordertexture border="6" colordiffuse="11FFFFFF">colors/black.png</bordertexture>
                        <bordersize>6</bordersize>
                        <colordiffuse>ffffffff</colordiffuse>
                    </control>
                </itemlayout>
                <focusedlayout width="4-col" height="4-col">
                    <control type="group">
                        <include>focusThumb</include>
                        <control type="image">
                            <posx>0</posx>
                            <posy>0</posy>
                            <width>4-col-gutter</width>
                            <height>4-col-gutter</height>
                            <aspectratio>stretch</aspectratio>
                            <texture border="6">DefaultAlbumCover.png</texture>
                            <bordertexture border="6" colordiffuse="ffFFFFFF">colors/white.png</bordertexture>
                            <bordersize>6</bordersize>
                            <colordiffuse>ff666666</colordiffuse>
                        </control>
                        <control type="label">
                            <visible>!controlgroup(9000).hasfocus</visible>
                            <posx>12</posx>
                            <posy>2-row</posy>
                            <width>240</width>
                            <height>2-row</height>
                            <align>center</align>
                            <aligny>center</aligny>
                            <font>regularStrong</font>
                            <textcolor>textActive</textcolor>
                            <label>$INFO[ListItem.title]</label>
                        </control>
                        <control type="label">
                            <visible>!controlgroup(9000).hasfocus</visible>
                            <posx>12</posx>
                            <posy>3-row</posy>
                            <width>240</width>
                            <height>2-row</height>
                            <align>center</align>
                            <aligny>center</aligny>
                            <font>buttonTitle</font>
                            <textcolor>textActive</textcolor>
                            <label>$INFO[ListItem.artist]</label>
                        </control>
                        <control type="image">
                            <posx>0</posx>
                            <posy>0</posy>
                            <width>4-col-gutter</width>
                            <height>4-col-gutter</height>
                            <aspectratio>stretch</aspectratio>
                            <texture border="6">$INFO[ListItem.Art(thumb)]</texture>
                            <bordertexture border="6" colordiffuse="ffFFFFFF">colors/white.png</bordertexture>
                            <bordersize>6</bordersize>
                            <colordiffuse>ffffffff</colordiffuse>
                        </control>
                    </control>
                </focusedlayout>
            </control>
            <control type="list" id="9123">
                <animation type="conditional" condition="control.hasfocus(9001)">
                    <effect type="fade" start="100" end="0" time="200"/>
                </animation>
                <posx>col-1-begin</posx>
                <posy>630</posy>
                <width>24-col</width>
                <height>72</height>
                <onleft>9000</onleft>
                <ondown>9998</ondown>
                <onback>9000</onback>
                <orientation>horizontal</orientation>
                <itemlayout width="3-col" height="72">
                    <control type="label">
                        <posx>0</posx>
                        <posy>0</posy>
                        <width>3-col</width>
                        <height>72</height>
                        <font>smallStrong</font>
                        <align>center</align>
                        <aligny>center</aligny>
                        <textcolor>textActive</textcolor>
                        <shadowcolor>-</shadowcolor>
                        <label>$INFO[ListItem.property(textTitle)]</label>
                    </control>
                </itemlayout>
                <focusedlayout width="3-col" height="72">
                    <control type="image">
                        <posx>0</posx>
                        <posy>0</posy>
                        <width>3-col</width>
                        <height>72</height>
                        <aspectratio>stretch</aspectratio>
                        <texture>colors/white.png</texture>
                        <colordiffuse>highlight</colordiffuse>
                    </control>
                    <control type="label">
                        <posx>0</posx>
                        <posy>0</posy>
                        <width>3-col</width>
                        <height>72</height>
                        <font>smallStrong</font>
                        <align>center</align>
                        <aligny>center</aligny>
                        <textcolor>textActive</textcolor>
                        <shadowcolor>-</shadowcolor>
                        <label>$INFO[ListItem.property(textTitle)]</label>
                    </control>
                </focusedlayout>
                <content>
                    <item id="1">
                        <visible>String.IsEqual(skin.string(recentitems),video) + Library.HasContent(movies)</visible>
                        <label>special://skin/extras/playlists/recentMovies.xsp</label>
                        <property name="textTitle">31176</property>
                        <onclick>noop</onclick>
                    </item>
                    <item id="2">
                        <visible>String.IsEqual(skin.string(recentitems),video) + Library.HasContent(tvshows)</visible>
                        <label>special://skin/extras/playlists/recentEpisodes.xsp</label>
                        <property name="textTitle">31178</property>
                        <onclick>noop</onclick>
                    </item>
                    <item id="6">
                        <visible>String.IsEqual(skin.string(recentitems),video) + Library.HasContent(movies)</visible>
                        <label>special://skin/extras/playlists/inprogressMovies.xsp</label>
                        <property name="textTitle">31132</property>
                        <onclick>noop</onclick>
                    </item>
                    <item id="7">
                        <visible>String.IsEqual(skin.string(recentitems),video) + Library.HasContent(tvshows)</visible>
                        <label>special://skin/extras/playlists/inprogressTVShows.xsp</label>
                        <property name="textTitle">31127</property>
                        <onclick>noop</onclick>
                    </item>
                    <item id="3">
                        <visible>String.IsEqual(skin.string(recentitems),music) + Library.HasContent(music)</visible>
                        <label>special://skin/extras/playlists/recentAlbums.xsp</label>
                        <property name="textTitle">31180</property>
                        <onclick>noop</onclick>
                    </item>
                    <item id="4">
                        <visible>String.IsEqual(skin.string(recentitems),music) + Library.HasContent(music)</visible>
                        <label>special://skin/extras/playlists/topAlbums.xsp</label>
                        <property name="textTitle">31187</property>
                        <onclick>noop</onclick>
                    </item>
                    <item id="5">
                        <visible>String.IsEqual(skin.string(recentitems),music) + Library.HasContent(music)</visible>
                        <label>special://skin/extras/playlists/randomAlbums.xsp</label>
                        <property name="textTitle">31181</property>
                        <onclick>noop</onclick>
                    </item>
                </content>
            </control>
            <!--Folder titles-->
            <control type="group">
                <posx>0</posx>
                <posy>0</posy>
                <animation type="Conditional" condition="IntegerGreaterThan(container.numitems,0)">
                    <effect type="fade" start="0" end="100" time="300"/>
                </animation>
                <!--source title-->
                <control type="label">
                    <posx>col-1-begin</posx>
                    <posy>row-1-begin</posy>
                    <width>14-col</width>
                    <font>pageTitle</font>
                    <label>$VAR[listTitle]</label>
                    <textcolor>textActive</textcolor>
                </control>
                <!--source subtitle-->
                <control type="label">
                    <posx>col-1-begin</posx>
                    <posy>96</posy>
                    <width>auto</width>
                    <font>pageSubTitle</font>
                    <label>$VAR[listSubTitle]</label>
                    <textcolor>textActive</textcolor>
                </control>
                <!--dateTime-->
                <include>dateTime</include>
            </control>
        </control>
        <!--mini window-->
        <include>miniVideoPlayer</include>
        <!--hub menu-->
        <include>hubMenu</include>
        <!--loading indicator-->
        <include>loadingIndicator</include>
        <!--debugging-->
        <include>DebugGrid</include>
        <control type="label">
            <include>DialogID</include>
            <label>custom_recentContent.xml</label>
        </control>
    </controls>
</window>
