<?xml version="1.0" encoding="UTF-8"?>
<window>
    <defaultcontrol always="true">9</defaultcontrol>
    <controls>
        <include>globalBackground</include>
        <!--configuration options-->
        <control type="group">
            <posx>col-2-begin</posx>
            <posy>row-2-begin</posy>
            <!--animations-->
            <include>modalDialogInOutVertical</include>
            <!--content provider title / info-->
            <control type="image">
                <posx>0</posx>
                <posy>0</posy>
                <width>22-col</width>
                <height>2-row</height>
                <texture>colors/white.png</texture>
                <colordiffuse>highlight</colordiffuse>
                <aspectratio>stretch</aspectratio>
            </control>
            <control type="image">
                <posx>0</posx>
                <posy>2-row</posy>
                <width>22-col</width>
                <height>10-row</height>
                <aspectratio aligny="center">scale</aspectratio>
                <texture fallback="colors/offblack.png">$INFO[ListItem.art(fanart)]</texture>
            </control>
            <control type="image">
                <posx>0</posx>
                <posy>2-row</posy>
                <width>22-col</width>
                <height>10-row</height>
                <aspectratio aligny="center">scale</aspectratio>
                <texture>vignette.png</texture>
            </control>
            <control type="image">
                <posx>12</posx>
                <posy>3-row</posy>
                <width>4-col-gutter</width>
                <height>4-col-gutter</height>
                <aspectratio>stretch</aspectratio>
                <texture>$INFO[System.AddonIcon(ListItem.Addonid)]</texture>
                <bordertexture border="3" colordiffuse="07FFFFFF">colors/white.png</bordertexture>
                <bordersize>3</bordersize>
            </control>
            <control type="image">
                <posx>0</posx>
                <posy>12-row</posy>
                <width>22-col</width>
                <height>13-row</height>
                <texture>colors/black.png</texture>
                <colordiffuse>overlay</colordiffuse>
                <aspectratio>stretch</aspectratio>
            </control>
            <control type="label">
                <posx>24</posx>
                <posy>0</posy>
                <width>23-col</width>
                <height>2-row</height>
                <aligny>center</aligny>
                <font>dialogTitle</font>
                <label>$INFO[ListItem.AddonName] $LOCALIZE[5]</label>
                <textcolor>textActive</textcolor>
            </control>
            <!--subnav-->
            <control type="grouplist" id="9">
                <posx>0</posx>
                <posy>12-row</posy>
                <width>4-col</width>
                <height>12-row</height>
                <onleft>9000</onleft>
                <onright>2</onright>
                <orientation>vertical</orientation>
            </control>
            <!--options area-->
            <control type="image">
                <posx>4-col</posx>
                <posy>12-row</posy>
                <width>14-col</width>
                <height>13-row</height>
                <texture>colors/black.png</texture>
                <colordiffuse>overlay</colordiffuse>
                <aspectratio>stretch</aspectratio>
            </control>
            <control type="grouplist" id="2">
                <posx>4-col</posx>
                <posy>12-row</posy>
                <width>14-col</width>
                <height>13-row</height>
                <onleft>9</onleft>
                <onright>9001</onright>
                <orientation>vertical</orientation>
            </control>
            <!--OK / Cancel-->
            <control type="panel" id="9001">
                <posx>18-col</posx>
                <posy>12-row</posy>
                <width>4-col</width>
                <height>6-row</height>
                <orientation>vertical</orientation>
                <onleft>2</onleft>
                <itemlayout width="6-col" height="2-row">
                    <control type="label">
                        <posx>0</posx>
                        <posy>0</posy>
                        <width>1-col</width>
                        <height>2-row</height>
                        <align>center</align>
                        <aligny>center</aligny>
                        <font>symbolLarge</font>
                        <textcolor>textActive</textcolor>
                        <label>$INFO[ListItem.label2]</label>
                    </control>
                    <control type="label">
                        <posx>1-col-indent</posx>
                        <posy>-1</posy>
                        <width>3-col-gutter</width>
                        <height>2-row</height>
                        <aligny>center</aligny>
                        <font>buttonTitle</font>
                        <textcolor>textActive</textcolor>
                        <label>$INFO[ListItem.label]</label>
                    </control>
                </itemlayout>
                <focusedlayout width="6-col" height="2-row">
                    <control type="image">
                        <posx>0</posx>
                        <posy>0</posy>
                        <width>1-col-textbox</width>
                        <height>2-row</height>
                        <aspectratio>stretch</aspectratio>
                        <texture>colors/white.png</texture>
                        <colordiffuse>highlight</colordiffuse>
                        <include>spinFocusIcon</include>
                    </control>
                    <control type="image">
                        <posx>1-col</posx>
                        <posy>0</posy>
                        <width>3-col-textbox</width>
                        <height>2-row</height>
                        <aspectratio>stretch</aspectratio>
                        <texture>colors/white.png</texture>
                    </control>
                    <control type="label">
                        <posx>0</posx>
                        <posy>0</posy>
                        <width>1-col</width>
                        <height>2-row</height>
                        <align>center</align>
                        <aligny>center</aligny>
                        <font>symbolLarge</font>
                        <textcolor>textActive</textcolor>
                        <label>$INFO[ListItem.label2]</label>
                        <shadowcolor>-</shadowcolor>
                    </control>
                    <control type="label">
                        <posx>1-col-indent</posx>
                        <posy>-1</posy>
                        <width>5-col-gutter</width>
                        <height>2-row</height>
                        <aligny>center</aligny>
                        <font>buttonTitle</font>
                        <textcolor>black</textcolor>
                        <label>$INFO[ListItem.label]</label>
                        <shadowcolor>-</shadowcolor>
                    </control>
                </focusedlayout>
                <content>
                    <item id="1">
                        <description>Ok Button</description>
                        <label>186</label>
                        <label2></label2>
                        <thumb>-</thumb>
                        <onclick>SendClick(10140,10)</onclick>
                    </item>
                    <item id="2">
                        <description>Cancel Button</description>
                        <label>222</label>
                        <label2></label2>
                        <thumb>-</thumb>
                        <onclick>SendClick(10140,11)</onclick>
                    </item>
                    <item id="3">
                        <description>Defaults Button</description>
                        <label>409</label>
                        <label2></label2>
                        <thumb>-</thumb>
                        <onclick>SendClick(10140,12)</onclick>
                    </item>
                </content>
            </control>
            <control type="togglebutton" id="13">
                <description>Default Category Button</description>
                <width>287</width>
                <font>buttonTitle</font>
                <texturefocus>colors/white.png</texturefocus>
                <texturenofocus>-</texturenofocus>
            </control>
            <control type="button" id="3">
                <description>Default Button</description>
            </control>
            <control type="radiobutton" id="4">
                <description>Default RadioButton</description>
            </control>
            <control type="spincontrolex" id="5">
                <description>Default spincontrolex</description>
            </control>
            <control type="label" id="7">
                <label>-</label>
                <textoffsetx>24</textoffsetx>
                <height>2-row</height>
                <font>settingsCategoryTitle</font>
                <textcolor>highlight</textcolor>
            </control>
            <control type="image" id="6">
                <description>Default Separator</description>
                <width>1</width>
                <height>1</height>
                <texture>colors/black.png</texture>
                <colordiffuse>ffffffff</colordiffuse>
                <aspectratio>stretch</aspectratio>
            </control>
            <control type="sliderex" id="8">
                <description>Default Slider</description>
            </control>
            <!--ok, cancel etc buttons-->
            <control type="group">
                <visible>false</visible>
                <control type="button" id="10">
                    <description>OK Button</description>
                </control>
                <control type="button" id="11">
                    <description>Cancel Button</description>
                </control>
                <control type="button" id="12">
                    <description>Defaults Button</description>
                </control>
            </control>
        </control>
        <!--debugging-->
        <include>DebugGrid</include>
        <control type="label">
            <include>DialogID</include>
            <label>DialogAddonSettings.xml</label>
        </control>
    </controls>
</window>
