<?xml version="1.0" encoding="UTF-8"?>
<window>
    <defaultcontrol always="true">9999</defaultcontrol>
    <onload condition="Skin.hassetting(stopVideoOnMenu) + !Player.HasAudio">PlayerControl(stop)</onload>
    <include>fadeInOut</include>
    <controls>
        <!--page container group-->
        <control type="group">
            <include>globalBackground</include>
            <!--shift page for certain modal dialogs-->
            <include>modalDialogContentShift</include>
            <!--Main content listing-->
            <control type="group" id="9999">
                <!--source content-->
                <control type="group">
                    <include>contentOpen</include>
                    <control type="panel" id="50">
                        <posx>78</posx>
                        <posy>row-5-begin</posy>
                        <width>1800</width>
                        <height>24-row</height>
                        <onleft>9000</onleft>
                        <onright>60</onright>
                        <ondown>50</ondown>
                        <onup>50</onup>
                        <onback>9000</onback>
                        <pagecontrol>60</pagecontrol>
                        <scrolltime tween="cubic" easing="out">600</scrolltime>
                        <itemlayout width="4-col" height="348">
                            <control type="image">
                                <posx>0</posx>
                                <posy>0</posy>
                                <width>4-col-gutter</width>
                                <height>4-col-gutter</height>
                                <aspectratio>stretch</aspectratio>
                                <texture border="6">DefaultAlbumCover.png</texture>
                                <bordertexture border="6" colordiffuse="11FFFFFF">colors/black.png</bordertexture>
                                <bordersize>6</bordersize>
                                <colordiffuse>overlay</colordiffuse>
                            </control>
                            <control type="label">
                                <posx>12</posx>
                                <posy>262</posy>
                                <width>240</width>
                                <height>1-row</height>
                                <aligny>center</aligny>
                                <font>thumbTitle</font>
                                <textcolor>textActive</textcolor>
                                <label>[B]$INFO[ListItem.label][/B]</label>
                            </control>
                            <control type="label">
                                <posx>12</posx>
                                <posy>286</posy>
                                <width>240</width>
                                <height>1-row</height>
                                <aligny>center</aligny>
                                <font>thumbTitle</font>
                                <textcolor>textDisabled</textcolor>
                                <label>$INFO[ListItem.AddonSummary]</label>
                            </control>
                            <control type="image">
                                <posx>0</posx>
                                <posy>0</posy>
                                <width>4-col-gutter</width>
                                <height>4-col-gutter</height>
                                <aspectratio>stretch</aspectratio>
                                <texture border="6">$INFO[Listitem.thumb]</texture>
                                <bordertexture border="6" colordiffuse="11FFFFFF">colors/black.png</bordertexture>
                                <bordersize>6</bordersize>
                                <colordiffuse>ffFFFFFF</colordiffuse>
                            </control>
                        </itemlayout>
                        <focusedlayout width="4-col" height="348">
                            <control type="group">
                                <include>focusThumb</include>
                                <control type="image">
                                    <posx>0</posx>
                                    <posy>0</posy>
                                    <width>4-col-gutter</width>
                                    <height>4-col-gutter</height>
                                    <aspectratio>stretch</aspectratio>
                                    <texture border="6">DefaultAlbumCover.png</texture>
                                    <bordertexture border="6" colordiffuse="ffFFFFFF">colors/white.png</bordertexture>
                                    <bordersize>6</bordersize>
                                    <colordiffuse>ff666666</colordiffuse>
                                </control>
                                <control type="image">
                                    <posx>0</posx>
                                    <posy>0</posy>
                                    <width>4-col-gutter</width>
                                    <height>4-col-gutter</height>
                                    <aspectratio>stretch</aspectratio>
                                    <texture border="6">$INFO[Listitem.thumb]</texture>
                                    <bordertexture border="6" colordiffuse="FFFFFFFF">colors/white.png</bordertexture>
                                    <bordersize>6</bordersize>
                                </control>
                                <control type="label">
                                    <posx>12</posx>
                                    <posy>262</posy>
                                    <width>240</width>
                                    <height>1-row</height>
                                    <aligny>center</aligny>
                                    <font>thumbTitle</font>
                                    <textcolor>textActive</textcolor>
                                    <label>[B]$INFO[ListItem.label][/B]</label>
                                </control>
                                <control type="label">
                                    <posx>12</posx>
                                    <posy>286</posy>
                                    <width>240</width>
                                    <height>1-row</height>
                                    <aligny>center</aligny>
                                    <font>thumbTitle</font>
                                    <textcolor>textActive</textcolor>
                                    <label>$INFO[ListItem.AddonSummary]</label>
                                </control>
                            </control>
                        </focusedlayout>
                    </control>
                </control>
            </control>
            <!--page scrollbar-->
            <control type="group" id="8000">
                <visible>Control.IsVisible(60)</visible>
                <animation effect="fade" start="100" end="0" time="100" condition="!controlgroup(8000).hasfocus">conditional</animation>
                <control type="scrollbar" id="60">
                    <posx>52r</posx>
                    <posy>row-6-begin</posy>
                    <height>20-row</height>
                    <onleft>9999</onleft>
                    <onback>9999</onback>
                </control>
            </control>
            <!--Folder titles-->
            <control type="group">
                <!--source title-->
                <control type="label">
                    <posx>col-1-begin</posx>
                    <posy>row-1-begin</posy>
                    <width>24-col</width>
                    <align>left</align>
                    <font>pageTitle</font>
                    <label>10506</label>
                    <textcolor>textActive</textcolor>
                </control>
                <!--source subtitle-->
                <control type="label">
                    <posx>col-1-begin</posx>
                    <posy>96</posy>
                    <width>24-col</width>
                    <align>left</align>
                    <font>regular</font>
                    <label>$INFO[container.Numitems,, $LOCALIZE[31145]]</label>
                    <textcolor>textActive</textcolor>
                </control>
            </control>
            <!--dateTime-->
            <include>dateTime</include>
        </control>
        <!--mini window-->
        <include>miniVideoPlayer</include>
        <!--hub menu-->
        <include>hubMenu</include>
        <!--debugging-->
        <include>DebugGrid</include>
        <control type="label">
            <include>WindowID</include>
            <label>MyPrograms.xml</label>
        </control>
    </controls>
</window>
