<?xml version="1.0" encoding="UTF-8"?>
<shortcuts>
    <shortcut>
        <label>31147</label>
        <label2>32034</label2>
        <icon>DefaultAddon.png</icon>
        <thumb />
        <action>RunScript(script.globalsearch)</action>
    </shortcut>
    <shortcut>
        <label>744</label>
        <label2>32020</label2>
        <icon>DefaultAddonPicture.png</icon>
        <thumb />
        <action>ActivateWindow(Pictures,files)</action>
    </shortcut>
    <shortcut>
        <label>1039</label>
        <label2>32020</label2>
        <icon>DefaultAddonPicture.png</icon>
        <thumb />
        <action>ActivateWindow(Pictures,Addons,return)</action>
    </shortcut>
</shortcuts>
