<window>
	<defaultcontrol always="true">23</defaultcontrol>
	<allowoverlay>no</allowoverlay>	
	 
	<onunload condition="Container(9000).Hasfocus(10) | Container(9000).Hasfocus(11) | ControlGroup(9010).HasFocus | ControlGroup(9016).HasFocus | ControlGroup(9017).HasFocus">SetProperty(VideosDirectLink,True)</onunload>
	<onunload condition="Control.HasFocus(9000) + Container(9000).Hasfocus(2)">ClearProperty(VideosDirectLink)</onunload>
	<controls>
	     
		<control type="image">
			<description>Background Image</description>
			<posx>0</posx>
			<posy>0</posy>
			<width>1280</width>
			<height>720</height>
			<aspectratio>scale</aspectratio>
			<texture>background2.jpg</texture>
			<include>VisibleFadeEffect</include>
		</control>
		
		
		
		<control type="image">
			<description>Main Box</description>
			<posx>50</posx>
			<posy>100</posy>
			<width>800</width>
			<height>600</height>
			
			<texture>default-panel1.png</texture>
			<include>VisibleFadeEffect</include>
		</control>
		
		<control type="label">
						<posx>300</posx>
						<posy>110</posy>
						<width>290</width>
						<height>60</height>
						<font>font14</font>
						<textcolor>lime</textcolor>
						<align>center</align>
						<aligny>center</aligny>
						<label>Main Menus</label>
					</control>
					
		<control type="button" id="23">
      <description>Movies</description>
      <posx>150</posx>
      <posy>150</posy>
      <width>150</width>
      <height>150</height>
      <visible>true</visible>
      <texturefocus>movieicon.png</texturefocus>
      <texturenofocus>movieicon.png</texturenofocus>
      <label>Movies</label>
	  <aligny>top</aligny>
	  <align>center</align>
	  <textoffsety>150</textoffsety>
      <font>font13_title</font>
      <textcolor>FFFFFFFF</textcolor>
      <focusedcolor>lime</focusedcolor>
	  <pulseonselect>true</pulseonselect>
	   <onclick>XBMC.ReloadSkin()</onclick>
      <onclick>ReplaceWindow(10025,&quot;plugin://plugin.video.boxes/?mode=moviecat&amp;url=none&quot;,return)</onclick>
      <onup>2</onup>
      <ondown>26</ondown>
      <onleft>1</onleft>
      <onright>24</onright>
</control>	

<control type="button" id="24">
      <description>TV Shows</description>
      <posx>375</posx>
      <posy>150</posy>
      <width>150</width>
      <height>150</height>
      <visible>true</visible>
      <texturefocus>tvshows.png</texturefocus>
      <texturenofocus>tvshows.png</texturenofocus>
      <label>TV Shows</label>
	  <aligny>top</aligny>
	  <align>center</align>
	  <textoffsety>150</textoffsety>
      <font>font13_title</font>
      <textcolor>FFFFFFFF</textcolor>
      <focusedcolor>lime</focusedcolor>
	  <pulseonselect>true</pulseonselect>
	   <onclick>XBMC.ReloadSkin()</onclick>
      <onclick>ReplaceWindow(10025,&quot;plugin://plugin.video.boxes/?mode=tvcats&amp;url=none&quot;,return)</onclick>
      <onup>2</onup>
      <ondown>27</ondown>
      <onleft>23</onleft>
      <onright>25</onright>
</control>	

<control type="button" id="25">
      <description>Cartoons</description>
      <posx>600</posx>
      <posy>150</posy>
      <width>150</width>
      <height>150</height>
      <visible>true</visible>
      <texturefocus>cartoons.png</texturefocus>
      <texturenofocus>cartoons.png</texturenofocus>
      <label>Cartoons</label>
	  <aligny>top</aligny>
	  <align>center</align>
	  <textoffsety>150</textoffsety>
      <font>font13_title</font>
      <textcolor>FFFFFFFF</textcolor>
      <focusedcolor>lime</focusedcolor>
	  <pulseonselect>true</pulseonselect>
	   <onclick>XBMC.ReloadSkin()</onclick>
      <onclick>ReplaceWindow(10025,&quot;plugin://plugin.video.boxes/?mode=cartooncats&amp;url=none&quot;,return)</onclick>
      <onup>2</onup>
      <ondown>28</ondown>
      <onleft>24</onleft>
      <onright>1</onright>
</control>									
		
		<control type="button" id="26">
      <description>Sports</description>
      <posx>150</posx>
      <posy>350</posy>
      <width>150</width>
      <height>150</height>
      <visible>true</visible>
      <texturefocus>sports.png</texturefocus>
      <texturenofocus>sports.png</texturenofocus>
      <label>Sports</label>
	  <aligny>top</aligny>
	  <align>center</align>
	  <textoffsety>150</textoffsety>
      <font>font13_title</font>
      <textcolor>FFFFFFFF</textcolor>
      <focusedcolor>lime</focusedcolor>
	  <pulseonselect>true</pulseonselect>
	   <onclick>XBMC.ReloadSkin()</onclick>
      <onclick>ReplaceWindow(10025,&quot;plugin://plugin.video.boxes/?mode=sportcats&amp;url=none&quot;,return)</onclick>
      <onup>23</onup>
      <ondown>29</ondown>
      <onleft>1</onleft>
      <onright>27</onright>
</control>	

<control type="button" id="27">
      <description>Live Streams</description>
      <posx>375</posx>
      <posy>350</posy>
      <width>150</width>
      <height>150</height>
      <visible>true</visible>
      <texturefocus>livestream.png</texturefocus>
      <texturenofocus>livestream.png</texturenofocus>
      <label>Live Streams</label>
	  <aligny>top</aligny>
	  <align>center</align>
	  <textoffsety>150</textoffsety>
      <font>font13_title</font>
      <textcolor>FFFFFFFF</textcolor>
      <focusedcolor>lime</focusedcolor>
	  <pulseonselect>true</pulseonselect>
	   <onclick>XBMC.ReloadSkin()</onclick>
      <onclick>ReplaceWindow(10025,&quot;plugin://plugin.video.boxes/?mode=livecats&amp;url=https://raw.githubusercontent.com/Blazetamer/commoncore/master/xbmchub/moviedb/streams/menus.xml&quot;,return)</onclick>
      <onup>24</onup>
      <ondown>30</ondown>
      <onleft>26</onleft>
      <onright>28</onright>
</control>	

<control type="button" id="28">
      <description>Other</description>
      <posx>600</posx>
      <posy>350</posy>
      <width>150</width>
      <height>150</height>
      <visible>true</visible>
      <texturefocus>other.png</texturefocus>
      <texturenofocus>other.png</texturenofocus>
      <label>Other</label>
	  <aligny>top</aligny>
	  <align>center</align>
	  <textoffsety>150</textoffsety>
      <font>font13_title</font>
      <textcolor>FFFFFFFF</textcolor>
      <focusedcolor>lime</focusedcolor>
	  <pulseonselect>true</pulseonselect>
	  <onclick>XBMC.ReloadSkin()</onclick>
      <onclick>ReplaceWindow(10025,&quot;plugin://plugin.video.boxes/?mode=othermenus&amp;url=none&quot;,return)</onclick>
      <onup>25</onup>
      <ondown>69</ondown>
      <onleft>27</onleft>
      <onright>1</onright>
</control>

<control type="button" id="69">
				<description>Close Window button</description>
				<posx>750</posx>
				<posy>540</posy>
				<width>75</width>
				<height>100</height>
				<label></label>
	            <aligny>top</aligny>
                <font>font13_title</font>
                <textcolor>FFFFFFFF</textcolor>
                <focusedcolor>red</focusedcolor>
	            <pulseonselect>true</pulseonselect>
				<onclick>XBMC.ReloadSkin()</onclick>
				<onclick>PreviousMenu</onclick>
				<texturefocus>exitdoorFO.png</texturefocus>
				<texturenofocus>exitdoor.png</texturenofocus>
				<visible>system.getbool(input.enablemouse)</visible>
				<onleft>27</onleft>
				<onright>1</onright>
				<onup>28</onup>
				<ondown>28</ondown>
			</control>
		<control type="image">
			<description>Specials Box</description>
			<posx>900</posx>
			<posy>100</posy>
			<width>300</width>
			<height>600</height>
			
			<texture>default-panel1.png</texture>
			<include>VisibleFadeEffect</include>
		</control>
		
		
					<control type="label">
						<posx>900</posx>
						<posy>110</posy>
						<width>290</width>
						<height>60</height>
						<font>font14</font>
						<textcolor>lime</textcolor>
						<align>center</align>
						<aligny>center</aligny>
						<label>Special Menus</label>
					</control>
					
	  <control type="button" id="1">
      <description>User Sub button control</description>
      <posx>1000</posx>
      <posy>175</posy>
      <width>100</width>
      <height>100</height>
      <visible>true</visible>
      <texturefocus>usersub.png</texturefocus>
      <texturenofocus>usersub.png</texturenofocus>
      <label>User Streams</label>
	  <aligny>top</aligny>
	  <textoffsety>100</textoffsety>
      <font>font10</font>
      <textcolor>FFFFFFFF</textcolor>
      <focusedcolor>lime</focusedcolor>
	  <pulseonselect>true</pulseonselect>
      <onclick>ReplaceWindow(10025,&quot;plugin://plugin.video.boxes/?mode=userdatabase&amp;name=User%20Submitted%20Playlists&amp;url=none&quot;,return)</onclick>
	   <onclick>XBMC.ReloadSkin()</onclick>
      <onup>22</onup>
      <ondown>2</ondown>
      <onleft>25</onleft>
      <onright>23</onright>
</control>

<control type="button" id="2">
      <description>Test Tools</description>
      <posx>1000</posx>
      <posy>325</posy>
      <width>100</width>
      <height>100</height>
      <visible>true</visible>
      <texturefocus>tools.png</texturefocus>
      <texturenofocus>tools.png</texturenofocus>
      <label>Test Tools</label>
	  <aligny>top</aligny>
	  <textoffsety>100</textoffsety>
      <font>font10</font>
      <textcolor>FFFFFFFF</textcolor>
      <focusedcolor>lime</focusedcolor>
	  <pulseonselect>true</pulseonselect>
      <onclick>ReplaceWindow(10025,&quot;plugin://plugin.video.boxes/?mode=ninetools&amp;url=none&quot;,return)</onclick>
	   <onclick>XBMC.ReloadSkin()</onclick>
      <onup>1</onup>
      <ondown>22</ondown>
      <onleft>25</onleft>
      <onright>23</onright>
</control>

<control type="button" id="22">
      <description>My Streams</description>
      <posx>1000</posx>
      <posy>475</posy>
      <width>100</width>
      <height>100</height>
      <visible>true</visible>
      <texturefocus>mystreams.png</texturefocus>
      <texturenofocus>mystreams.png</texturenofocus>
      <label>My Streams</label>
	  <aligny>top</aligny>
	  <textoffsety>100</textoffsety>
      <font>font10</font>
      <textcolor>FFFFFFFF</textcolor>
      <focusedcolor>lime</focusedcolor>
	  <pulseonselect>true</pulseonselect>
	  <onclick>XBMC.ReloadSkin()</onclick>
      <onclick>ReplaceWindow(10025,&quot;plugin://plugin.video.boxes/?mode=nineindex&amp;url=none&quot;,return)</onclick>
      <onup>2</onup>
      <ondown>1</ondown>
      <onleft>28</onleft>
      <onright>1</onright>
</control>


		<control type="image">
			<posx>0</posx>
			<posy>90r</posy>
			<width>1280</width>
			<height>90</height>
			<texture>-</texture>
			<animation effect="fade" time="250" condition="Window.Previous(Home)">WindowOpen</animation>
			<animation effect="fade" time="250" condition="Window.Next(Home)">WindowClose</animation>
		</control>
		<control type="image">
			<description>LOGO</description>
			<posx>0</posx>
			<posy>5</posy>
			<width>170</width>
			<height>100</height>
			<aspectratio aligny="top" align="left">keep</aspectratio>
			<texture>icon.png</texture>
			<include>VisibleFadeEffect</include>
			<include>Window_OpenClose_Animation</include>
	</control>


			
		
		<control type="group" id="10">
			<posx>20</posx>
			<posy>55r</posy>
			<include>Window_OpenClose_Animation</include>
			<control type="button" id="20">
				<description>Power push button</description>
				<posx>55</posx>
				<posy>0</posy>
				<width>45</width>
				<height>45</height>
				<label>31003</label>
				<font>-</font>
				<aligny>-</aligny>
				<onclick>ActivateWindow(ShutdownMenu)</onclick>
				<texturefocus border="5">gfloor_buttonFO.png</texturefocus>
				<texturenofocus border="5">floor_button.png</texturenofocus>
				<onleft>21</onleft>
				<onright>21</onright>
				<onup>9002</onup>
				<ondown>9003</ondown>
			</control>
			<control type="image">
				<description>Power Icon</description>
				<posx>60</posx>
				<posy>5</posy>
				<width>35</width>
				<height>35</height>
				<aspectratio>keep</aspectratio>
				<texture>icon_power.png</texture>
			</control>
			<control type="button" id="21">
				<description>Favourites push button</description>
				<posx>0</posx>
				<posy>0</posy>
				<width>45</width>
				<height>45</height>
				<label>1036</label>
				<font>-</font>
				<aligny>-</aligny>
				<onclick>ActivateWindow(Favourites)</onclick>
				<texturefocus border="5">gfloor_buttonFO.png</texturefocus>
				<texturenofocus border="5">floor_button.png</texturenofocus>
				<onleft>20</onleft>
				<onright>20</onright>
				<onup>9002</onup>
				<ondown>9003</ondown>
			</control>
			<control type="image">
				<description>Favourites Icon</description>
				<posx>5</posx>
				<posy>5</posy>
				<width>35</width>
				<height>35</height>
				<aspectratio>keep</aspectratio>
				<texture>icon_favourites.png</texture>
			</control>
			
		</control>

			</controls>	
</window>
