<window type="window" id="14001" >
	<defaultcontrol always="false">9000</defaultcontrol>
	<allowoverlay>yes</allowoverlay>
	<controls>
		<include>CommonSettingsBackground</include>
		<include>CommonMediaPlayingBackground</include>
		<control type="image">
			<posx>0</posx>
			<posy>90r</posy>
			<width>1280</width>
			<height>90</height>
			<texture>-</texture>
			<animation effect="fade" time="250" condition="Window.Previous(Home)">WindowOpen</animation>
			<animation effect="fade" time="250" condition="Window.Next(Home)">WindowClose</animation>
		</control>

		<control type="group">
			<posx>90</posx>
			<posy>30</posy>
			<animation type="WindowOpen" reversible="false">
				<effect type="zoom" start="80" end="100" center="640,360" easing="out" tween="back" time="300" />
				<effect type="fade" start="0" end="100" time="300" />
			</animation>
			<animation type="WindowClose" reversible="false">
				<effect type="zoom" start="100" end="80" center="640,360" easing="in" tween="back" time="300" />
				<effect type="fade" start="100" end="0" time="300" />
			</animation>
			<control type="image">
				<posx>5</posx>
				<posy>5</posy>
				<width>1090</width>
				<height>630</height>
				<texture border="15">ContentPanel.png</texture>
			</control>
			<control type="image">
				<posx>5</posx>
				<posy>625</posy>
				<width>1090</width>
				<height>64</height>
				<texture border="15">ContentPanelMirror.png</texture>
			</control>
			<control type="button">
				<description>Close Window button</description>
				<posx>980</posx>
				<posy>11</posy>
				<width>64</width>
				<height>32</height>
				<label>-</label>
				<font>-</font>
				<onclick>PreviousMenu</onclick>
				<texturefocus>DialogCloseButton-focus.png</texturefocus>
				<texturenofocus>DialogCloseButton.png</texturenofocus>
				<onleft>1</onleft>
				<onright>1</onright>
				<onup>1</onup>
				<ondown>1</ondown>
				<visible>system.getbool(input.enablemouse)</visible>
			</control>
			
                 


			<control type="image">
				<description>LOGO</description>
				<posx>30</posx>
				<posy>15</posy>
				<width>220</width>
				<height>200</height>
				<aspectratio>keep</aspectratio>
				<texture>http://addonrepo.com/xbmchub/moviedb/images/icon.png</texture><!---Main Logo Top Left Menu--->
			</control>
			<control type="list" id="9000">
				<posx>10</posx>
				<posy>225</posy>
				<width>260</width>
				<height>541</height>
				<onleft>9000</onleft>
				<onright>9001</onright>
				<onup>9000</onup>
				<ondown>9000</ondown>
				<pagecontrol>-</pagecontrol>
				<scrolltime>300</scrolltime>
				<itemlayout height="54" width="260">
					<control type="image">
						<posx>0</posx>
						<posy>0</posy>
						<width>260</width>
						<height>55</height>
						<texture border="5">MenuItemNF.png</texture>
					</control>
					<control type="label">
						<posx>250</posx>
						<posy>0</posy>
						<width>380</width>
						<height>55</height>
						<font>font24_title</font>
						<textcolor>silver</textcolor>
						<align>right</align>
						<aligny>center</aligny>
						<label>$INFO[ListItem.Label]</label>
					</control>
				</itemlayout>
				
				<focusedlayout height="54" width="260">
				    
					<control type="image">
						<posx>0</posx>
						<posy>0</posy>
						<width>260</width>
						<height>55</height>
						<texture border="5">MenuItemFO.png</texture>
					</control>
					<control type="label">
						<posx>250</posx>
						<posy>0</posy>
						<width>380</width>
						<height>55</height>
						<font>font24_title</font>
						<textcolor>blue</textcolor>
						<align>right</align>
						<aligny>center</aligny>
						<label>$INFO[ListItem.Label]</label>
					</control>
					
				</focusedlayout>
				<content>
					<item id="1">
						<label>Announcements</label>
						<label2>[B]SPECIAL ANNOUNCEMENTS[/B] [CR] [CR][COLOR red] iLive has been acting strage lately, so It may work at times and not at others, Simply give it a few minutes and try again if you dont get a valid stream.[/COLOR]</label2>
						<onclick>ActivateWindow(3003)</onclick>
						
						<thumb>v180pop.jpg</thumb>
						
											
						
					</item>
					<item id="2">
						<label>Addon Settings</label>
						<label2>[B]OPENS ADDON SETTINGS [/B][CR][CR]Change the settings of MDB ULTRA</label2>
						<onclick>Addon.OpenSettings(plugin.video.boxes) </onclick>
						<thumb>http://addonrepo.com/xbmchub/moviedb/resources/skins/DefaultSkin/media/addonsettings.png</thumb>
						<icon>-</icon>
						
					</item>
					<item id="3">
						<label>Version Information</label>
						<label2>[B]MDB ULTRA VERSION INFORMATION[/B][CR][CR] Curent version information for MDB Ultra</label2>
						
						<onclick>-</onclick>
						<thumb>-</thumb>
						<icon>
						[COLOR red]V1.8.0[/COLOR][CR]
Added Search to iLive Streams[CR][CR]


 [COLOR red]V1.7.5[/COLOR][CR]
Added automatically updating iLive Streams[CR][CR]


[COLOR red]V1.7.0a[/COLOR][CR]
Cosmetic Enhancements[CR]
Added Ability to turn off extras in Settings[CR][CR]
						[COLOR red]V1.7.0[/COLOR][CR]
						[COLOR gold]Added User Submitted Live Streams[/COLOR][CR]
						Added Supertoons Cartoons[CR][CR]
						[COLOR red]V1.6.0[/COLOR][CR]
Added Cartoon Section[CR]
Added Sport Section[CR]
Added UFC to Sport Section[CR]
Improved Announcments [CR]
Added Special Menus Section[CR]
Added Adult Section "Enable in Settings"[CR][CR]

						[COLOR red]V1.5.0[/COLOR][CR]
(1)Added Interactive Announcements[CR]
Announcements will pop up during first launch[CR]
After that, you may go to Addon Settings, and enter an interval at [CR]
which the announcement pop up will display, or Disable them all together 'ITS YOUR CHOICE'[CR]
If you wish to recieve Announcement PopUps at lauch every 5 days, Then enter 5 in the Interval Settings. IF you do not wish to recieve any popups, simply Disable them in the Settings. [CR]
If Announcements are turned off in settings, you may still view them via the main menu.[CR]

(2) Added Ability to install any of my other addons and /or My repo from within the addon itself.[CR]

[COLOR red]V1.1.0[/COLOR][CR]
Added DataCenter Movies and SeriesGate Tv Shows[CR]

[COLOR red]V1.0.0[/COLOR][CR]
Initial Release"
</icon>
						
					</item>
					
					<item id="4">
						<label>Help Videos</label>
						<label2>[B][COLOR gold]VIDEOS COMING SOON![/COLOR][/B] [CR] [CR] View help videos and other related articles</label2>
						
						<onclick>-</onclick>
						
						<thumb>http://addonrepo.com/xbmchub/moviedb/resources/skins/DefaultSkin/media/helpvideos.png</thumb>
						<icon>-</icon>
						
					</item>
					
					<item id="5">
						<label>Disclaimer</label>
						<label2>[B]DISCLAIMER FROM THE AUTHOR[/B] [CR]  A disclaimer from Blazetamer</label2>
						<onclick>-</onclick>
						<thumb>-</thumb>
						<icon>A Message / Disclaimer from the author:[CR]
This addon, and any addon I create/produce, DOES NOT nor WILL EVER have[CR]
Any type of Tracking Code.[CR]
I take my users privacy VERY SERIOUSLY.[CR]
If you feel that there is any tracking code whatsoever in ANY of my addons[CR]
PLEASE feel free to reach out to me,on the community forum at[CR]
www.XBMCHub.com[CR]
                        Blazetamer</icon>
						    
					</item>
					<item id="6">
						<label>ShutDown XBMC</label>
						<label2>[B] Live Streams[/B] [CR] [CR] Live Stream Menus</label2>
						<onclick>ActivateWindow(111)</onclick>
						<thumb>http://addonrepo.com/xbmchub/moviedb/resources/skins/DefaultSkin/media/shutdown.png</thumb>
						<icon>-</icon>
						
					</item>
					<item id="7">
						<label>Return to Addon</label>
						<label2>[B] Return to MDB Addon[/B] [CR] [CR] Click to return to addon</label2>
						<!---<onclick>PreviousMenu</onclick>--->
						<onclick>exit()</onclick>
						<thumb>http://addonrepo.com/xbmchub/moviedb/images/fanart.jpg</thumb>
						<icon>-</icon>
						
					</item>
					
				</content>
				
			</control>
			<control type="image">
				<posx>268</posx>
				<posy>10</posy>
				<width>804</width>
				<height>50</height>
				<texture border="5">black-back2.png</texture>
			</control>
			<control type="image">
				<posx>268</posx>
				<posy>10</posy>
				<width>804</width>
				<height>70</height>
				<aspectratio>stretch</aspectratio>
				<texture>GlassTitleBar.png</texture>
			</control>
			<control type="label">
				<description>header label</description>
				<posx>300</posx>
				<posy>20</posy>
				<width>740</width>
				<height>30</height>
				<font>font16caps</font>
				<label>MDB ULTRA Information</label>
				<align>left</align>
				<aligny>center</aligny>
				<textcolor>white</textcolor>
				<shadowcolor>black</shadowcolor>
			</control>
			<control type="image">
				<posx>270</posx>
				<posy>60</posy>
				<width>800</width>
				<height>450</height>
				<texture border="5">button-nofocus.png</texture>
			</control>
			
			<control type="image">
				<description> Announcement Window Graphic</description>
				<posx>270</posx>
				<posy>60</posy>
				<width>800</width>
				<height>450</height>
				<aspectratio>stretch</aspectratio>
				<texture>$INFO[Container(9000).ListItem.Thumb]</texture>
				<!---<colordiffuse>AAFFFFFF</colordiffuse>--->
			</control>
			<control type="image">
				<posx>268</posx>
				<posy>510</posy>
				<width>804</width>
				<height>118</height>
				<texture border="5">black-back2.png</texture>
			</control>
			<control type="textbox">
				<description>Appearance Description</description>
				<posx>300</posx>
				<posy>520</posy>
				<width>740</width>
				<height>100</height>
				<font>font12</font>
				<label>$INFO[Container(9000).ListItem.Label2]</label>
				<align>left</align>
				<textcolor>white</textcolor>
				<shadowcolor>black</shadowcolor>
			</control>
			<control type="textbox">
						<description>Main Text Box</description>
                        <posx>300</posx>
      					<posy>100</posy>
      					<width>750</width>
      					<height>400</height>
      					<visible>true</visible>
      					<colordiffuse>FFFFFFFF</colordiffuse>
      					<font>font13</font>
     					<textcolor>FFFFFFFF</textcolor>
      					<pulseonselect></pulseonselect>
      					<pagecontrol>13</pagecontrol>
      					<autoscroll delay="3000" time="1000" repeat="3000">!Control.HasFocus(13)</autoscroll>
      					<label>$INFO[Container(9000).ListItem.ActualIcon]</label>
				    </control>
					
		</control>
		<include>CommonNowPlaying</include>
		<include>BehindDialogFadeOut</include>3
		<control type="group">
			<posx>60</posx>
			<posy>0</posy>
			<animation effect="slide" end="-310,0" time="400" tween="quadratic" easing="out" condition="Window.Next(Home) | Window.Next(1111) | Window.Next(AddonBrowser)">WindowClose</animation>
			<animation effect="slide" start="-310,0" time="400" tween="quadratic" easing="out" condition="Window.Previous(Home) | Window.Previous(1111) | Window.Previous(AddonBrowser)">WindowOpen</animation>
			<control type="image">
				<posx>0</posx>
				<posy>0</posy>
				<width>250</width>
				<height>35</height>
				<texture border="0,0,32,0">header.png</texture>
			</control>
			<control type="label">
				<include>WindowTitleCommons</include>
				<posx>220</posx>
				<label></label>
			</control>
		</control>
		<include>WindowTitleHomeButton</include>
		<include>Clock</include>
	</controls>
</window>

