<?xml version="1.0" encoding="UTF-8"?>
<addon id="skin.chill" version="1.0.4" name="Chill" provider-name="Mark">
    <requires>
        <import addon="xbmc.gui" version="5.12.0"/>
        <import addon="script.skinshortcuts" version="1.0.13"/>
        <import addon="resource.images.weathericons.outline" version="0.0.5"/>
        <import addon="resource.images.weatherfanart.single" version="0.0.6"/>
        <import addon="script.musicfinder" version="1.0.0"/>
    </requires>
    <extension point="xbmc.gui.skin" debugging="false">
        <res width="1920" height="1080" aspect="16:9" default="true" folder="1080i" />
    </extension>
    <extension point="xbmc.addon.metadata">
        <summary lang="en">A skin for Kodi by Mark</summary>
        <description lang="en">Custom Skin for my Living Room</description>
        <platform>all</platform>
        <license></license>
        <forum></forum>
        <source>https://github.com/markcamilleri/kodi/tree/master/skin.chill</source>
        <assets>
            <icon>resources/icon.png</icon>
            <fanart>resources/fanart.jpg</fanart>
            <screenshot>resources/screenshot-01.jpg</screenshot>
        </assets>
    </extension>
</addon>
