<?xml version="1.0" encoding="UTF-8" standalone="yes"?>
<addon id="plugin.video.boxes"
	name="BOXES"
	version="2.0.3"
	provider-name="http://www.boxes.com.mt">
  <requires>
    <import addon="xbmc.python" version="2.1.0"/>
  </requires>
  <extension point="xbmc.python.pluginsource" library="default.py">
    <provides>video</provides>
  </extension>
  <extension point="xbmc.addon.metadata">
    <summary lang="en">BOXES</summary>
    <description lang="en">Premium IPTV Add-on</description>
    <disclaimer lang="en">The author does not host or distribute any of the content displayed by this addon. The author does not have any affiliation with the content provider.</disclaimer>
    <forum></forum>
    <source>http://www.boxes.com.mt</source>
    <website>http://www.boxes.com.mt</website>
    <platform>all</platform>
  </extension>
</addon>
