<?xml version="1.0" encoding="UTF-8"?>
<shortcuts>
    <shortcut>
        <visible>Player.HasMedia</visible>
        <label>31136</label>
        <label2>32034</label2>
        <icon>DefaultAddon.png</icon>
        <thumb />
        <action>action(FullScreen)</action>
    </shortcut>
    <shortcut>
        <label>31221</label>
        <label2>32034</label2>
        <icon>DefaultAddon.png</icon>
        <thumb />
        <action>XBMC.PlayDVD()</action>
    </shortcut>
    <shortcut>
        <visible>System.HasMediaDVD</visible>
        <label>32033</label>
        <label2>32034</label2>
        <icon>DefaultAddon.png</icon>
        <thumb />
        <action>EjectTray()</action>
    </shortcut>
    <shortcut>
        <label>31147</label>
        <label2>32034</label2>
        <icon>DefaultAddon.png</icon>
        <thumb />
        <action>RunScript(script.globalsearch)</action>
    </shortcut>
    <shortcut>
        <visible>PVR.HasTVChannels</visible>
        <label>31006</label>
        <label2>32034</label2>
        <icon>DefaultAddon.png</icon>
        <thumb />
        <action>ActivateWindow(TVChannels)</action>
    </shortcut>
    <shortcut>
        <visible>PVR.HasRadioChannels</visible>
        <label>31059</label>
        <label2>32034</label2>
        <icon>DefaultAddon.png</icon>
        <thumb />
        <action>ActivateWindow(Radiochannels)</action>
    </shortcut>
    <shortcut>
        <visible>Library.HasContent(Video)</visible>
        <label>10006</label>
        <label2>32034</label2>
        <icon>DefaultAddon.png</icon>
        <thumb />
        <action>ActivateWindow(1106)</action>
    </shortcut>
    <shortcut>
        <visible>!Library.HasContent(Video)</visible>
        <label>10006</label>
        <label2>32034</label2>
        <icon>DefaultAddon.png</icon>
        <thumb />
        <action>ActivateWindow(Videos,sources://video/)</action>
    </shortcut>
    <shortcut>
        <visible>Library.HasContent(Music)</visible>
        <label>10005</label>
        <label2>32034</label2>
        <icon>DefaultAddon.png</icon>
        <thumb />
        <action>ActivateWindow(1106)</action>
    </shortcut>
    <shortcut>
        <visible>!Library.HasContent(Music)</visible>
        <label>10005</label>
        <label2>32034</label2>
        <icon>DefaultAddon.png</icon>
        <thumb />
        <action>ActivateWindow(Music,Files)</action>
    </shortcut>
    <shortcut>
        <label>12600</label>
        <label2>32034</label2>
        <icon>DefaultAddon.png</icon>
        <thumb />
        <action>ActivateWindow(Weather)</action>
    </shortcut>
    <shortcut>
        <label>10002</label>
        <label2>32034</label2>
        <icon>DefaultAddon.png</icon>
        <thumb />
        <action>ActivateWindow(Pictures)</action>
    </shortcut>
    <shortcut>
        <label>10004</label>
        <label2>32034</label2>
        <icon>DefaultAddon.png</icon>
        <thumb />
        <action>ActivateWindow(Settings)</action>
    </shortcut>
    <shortcut>
        <label>31004</label>
        <label2>32034</label2>
        <icon>DefaultAddon.png</icon>
        <thumb />
        <action>ActivateWindow(shutdownmenu)</action>
    </shortcut>
</shortcuts>
