<?xml version="1.0" encoding="UTF-8"?>
<shortcuts>
    <shortcut>
        <visible>Player.HasMedia</visible>
        <label>31136</label>
        <label2>32034</label2>
        <icon>DefaultAddon.png</icon>
        <thumb />
        <action>action(FullScreen)</action>
    </shortcut>
    <shortcut>
        <label>31147</label>
        <label2>32034</label2>
        <icon>DefaultAddon.png</icon>
        <thumb />
        <action>RunScript(script.globalsearch)</action>
    </shortcut>
    <shortcut>
        <visible>Library.HasContent(Video)</visible>
        <label>31005</label>
        <label2>32014</label2>
        <icon>DefaultAddon.png</icon>
        <thumb />
        <action>ActivateWindow(1106)</action>
    </shortcut>
    <shortcut>
        <visible>PVR.HasTVChannels</visible>
        <label>31215</label>
        <label2>32014</label2>
        <icon>DefaultAddon.png</icon>
        <thumb />
        <action>ActivateWindow(TVChannels)</action>
    </shortcut>
    <shortcut>
        <visible>PVR.HasTVChannels</visible>
        <label>31112</label>
        <label2>32014</label2>
        <icon>DefaultAddon.png</icon>
        <thumb />
        <action>ActivateWindow(TVGuide)</action>
    </shortcut>
    <shortcut>
        <visible>PVR.HasTVChannels</visible>
        <label>31165</label>
        <label2>32014</label2>
        <icon>DefaultAddon.png</icon>
        <thumb />
        <action>ActivateWindow(TVRecordings)</action>
    </shortcut>
    <shortcut>
        <label>342</label>
        <label2>32014</label2>
        <icon>DefaultAddon.png</icon>
        <thumb />
        <action>ActivateWindow(Videos,videodb://movies/titles/)</action>
    </shortcut>
    <shortcut>
        <label>20343</label>
        <label2>32014</label2>
        <icon>DefaultAddon.png</icon>
        <thumb />
        <action>ActivateWindow(Videos,videodb://tvshows/titles/)</action>
    </shortcut>
    <shortcut>
        <label>31088</label>
        <label2>32014</label2>
        <icon>DefaultAddon.png</icon>
        <thumb />
        <action>ActivateWindow(Videos,addons://sources/video/)</action>
    </shortcut>
    <shortcut>
        <label>136</label>
        <label2>32014</label2>
        <icon>DefaultAddon.png</icon>
        <thumb />
        <action>ActivateWindow(Videos,special://videoplaylists/,return)</action>
    </shortcut>
    <shortcut>
        <label>744</label>
        <label2>32014</label2>
        <icon>DefaultAddon.png</icon>
        <thumb />
        <action>ActivateWindow(Videos,sources://video/)</action>
    </shortcut>
</shortcuts>
