<?xml version="1.0" encoding="UTF-8"?>
<window>
    <defaultcontrol always="true">59</defaultcontrol>
    <onload condition="Skin.hassetting(stopVideoOnMenu) + !Player.HasAudio">PlayerControl(stop)</onload>
    <include>fadeInOut</include>
    <controls>
        <include>globalBackground</include>
        <!--fanart-->
        <control type="group">
            <control type="image">
                <include>dimensionsFullscreen</include>
                <aspectratio scalediffuse="false">stretch</aspectratio>
                <texture background="true" border="0">$INFO[Listitem.art(fanart)]</texture>
                <fadetime>500</fadetime>
                <colordiffuse>22ffffff</colordiffuse>
            </control>
            <control type="image">
                <texture>vignette.png</texture>
                <colordiffuse>ffffffff</colordiffuse>
                <aspectratio>stretch</aspectratio>
            </control>
            <include>kenBurnsey</include>
        </control>
        <!--page container group-->
        <control type="group">
            <!--shift page for certain modal dialogs-->
            <include>modalDialogContentShift</include>
            <!--Main content listing-->
            <control type="group" id="9999">
                <include>contentOpen</include>
                <include>musicPlayList</include>
            </control>
            <!--page scrollbar-->
            <control type="group" id="8000">
                <visible>Control.IsVisible(60)</visible>
                <animation effect="fade" start="100" end="0" time="100" condition="!controlgroup(8000).hasfocus">conditional</animation>
                <control type="scrollbar" id="60">
                    <posx>52r</posx>
                    <posy>row-6-begin</posy>
                    <height>20-row</height>
                    <onleft>9999</onleft>
                    <onback>9999</onback>
                </control>
            </control>
            <!--Folder titles-->
            <control type="group">
                <posx>col-1-begin</posx>
                <posy>row-1-begin</posy>
                <!--source title-->
                <control type="grouplist">
                    <posx>0</posx>
                    <posy>0</posy>
                    <width>12-col</width>
                    <height>2-row</height>
                    <itemgap>0</itemgap>
                    <orientation>horizontal</orientation>
                    <control type="label">
                        <width>auto</width>
                        <font>pageTitle</font>
                        <label>31123</label>
                        <textcolor>textActive</textcolor>
                    </control>
                    <control type="label">
                        <visible>Playlist.IsRandom</visible>
                        <width>auto</width>
                        <font>pageTitle</font>
                        <label> ($LOCALIZE[31133])</label>
                        <textcolor>highlight</textcolor>
                    </control>
                </control>
                <!--source subtitle-->
                <control type="label">
                    <posx>0</posx>
                    <posy>45</posy>
                    <width>24-col</width>
                    <font>regular</font>
                    <label>$INFO[container.Numitems,, $LOCALIZE[31014]]</label>
                    <textcolor>textActive</textcolor>
                </control>
            </control>
            <!--dateTime-->
            <include>dateTime</include>
        </control>
        <!--mini window-->
        <include>miniVideoPlayer</include>
        <!--hub menu-->
        <include>hubMenu</include>
        <!--debugging-->
        <include>DebugGrid</include>
        <control type="label">
            <include>WindowID</include>
            <label>MyPlaylist.xml path: $INFO[container.folderpath]   name: $INFO[container.foldername]   content: $INFO[container.content]    Control: $INFO[System.CurrentControl]</label>
        </control>
    </controls>
</window>
