<?xml version="1.0"?>
<window id="5100">
    <defaultcontrol>7000</defaultcontrol>
    <include>fadeInOut</include>
    <controls>
        <include>modalDialog</include>
        <control type="grouplist" id="7000">
            <posx>col-10-begin</posx>
            <posy>4-row</posy>
            <height>20-row</height>
            <itemgap>0</itemgap>
            <control type="button" id="5110">
                <description>button import games</description>
                <label>$ADDON[script.games.rom.collection.browser 32500]</label>
                <texturefocus colordiffuse="highlight">colors/white.png</texturefocus>
                <focusedcolor>textActive</focusedcolor>
                <width>6-col</width>
            </control>
            <control type="button" id="5121">
                <description>button rescrape game</description>
                <label>$ADDON[script.games.rom.collection.browser 32501]</label>
                <texturefocus colordiffuse="highlight">colors/white.png</texturefocus>
                <focusedcolor>textActive</focusedcolor>
                <width>6-col</width>
            </control>
            <control type="button" id="5122">
                <description>button rescrape selection</description>
                <label>$ADDON[script.games.rom.collection.browser 32502]</label>
                <texturefocus colordiffuse="highlight">colors/white.png</texturefocus>
                <focusedcolor>textActive</focusedcolor>
                <width>6-col</width>
            </control>
            <control type="button" id="5111">
                <description>button add rom collection</description>
                <label>$ADDON[script.games.rom.collection.browser 32503]</label>
                <texturefocus colordiffuse="highlight">colors/white.png</texturefocus>
                <focusedcolor>textActive</focusedcolor>
                <width>6-col</width>
            </control>
            <control type="button" id="5112">
                <description>button edit rom collection</description>
                <label>$ADDON[script.games.rom.collection.browser 32504]</label>
                <texturefocus colordiffuse="highlight">colors/white.png</texturefocus>
                <focusedcolor>textActive</focusedcolor>
                <width>6-col</width>
            </control>
            <control type="button" id="5117">
                <description>button edit offline scraper</description>
                <label>$ADDON[script.games.rom.collection.browser 32505]</label>
                <texturefocus colordiffuse="highlight">colors/white.png</texturefocus>
                <focusedcolor>textActive</focusedcolor>
                <width>6-col</width>
            </control>
            <control type="button" id="5113">
                <description>button edit command</description>
                <label>$ADDON[script.games.rom.collection.browser 32506]</label>
                <texturefocus colordiffuse="highlight">colors/white.png</texturefocus>
                <focusedcolor>textActive</focusedcolor>
                <width>6-col</width>
            </control>
            <control type="button" id="5118">
                <description>button game as favorite</description>
                <label>$ADDON[script.games.rom.collection.browser 32507]</label>
                <texturefocus colordiffuse="highlight">colors/white.png</texturefocus>
                <focusedcolor>textActive</focusedcolor>
                <width>6-col</width>
            </control>
            <control type="button" id="5119">
                <description>button selection as favorite</description>
                <label>$ADDON[script.games.rom.collection.browser 32508]</label>
                <texturefocus colordiffuse="highlight">colors/white.png</texturefocus>
                <focusedcolor>textActive</focusedcolor>
                <width>6-col</width>
            </control>
            <control type="button" id="5120">
                <description>button export nfo files</description>
                <label>$ADDON[script.games.rom.collection.browser 32509]</label>
                <texturefocus colordiffuse="highlight">colors/white.png</texturefocus>
                <focusedcolor>textActive</focusedcolor>
                <width>6-col</width>
            </control>
            <control type="button" id="5114">
                <description>button delete rom</description>
                <label>$ADDON[script.games.rom.collection.browser 32510]</label>
                <texturefocus colordiffuse="highlight">colors/white.png</texturefocus>
                <focusedcolor>textActive</focusedcolor>
                <width>6-col</width>
            </control>
            <control type="button" id="5115">
                <description>button delete rom collection</description>
                <label>$ADDON[script.games.rom.collection.browser 32511]</label>
                <texturefocus colordiffuse="highlight">colors/white.png</texturefocus>
                <focusedcolor>textActive</focusedcolor>
                <width>6-col</width>
            </control>
            <control type="button" id="5116">
                <description>button clean database</description>
                <label>$ADDON[script.games.rom.collection.browser 32512]</label>
                <texturefocus colordiffuse="highlight">colors/white.png</texturefocus>
                <focusedcolor>textActive</focusedcolor>
                <width>6-col</width>
            </control>
            <control type="button" id="5223">
                <description>button open settings</description>
                <label>$ADDON[script.games.rom.collection.browser 32513]</label>
                <texturefocus colordiffuse="highlight">colors/white.png</texturefocus>
                <focusedcolor>textActive</focusedcolor>
                <width>6-col</width>
            </control>
            <control type="button" id="5224">
                <description>button set gameclient</description>
                <label>$ADDON[script.games.rom.collection.browser 32514]</label>
                <texturefocus colordiffuse="highlight">colors/white.png</texturefocus>
                <focusedcolor>textActive</focusedcolor>
                <width>6-col</width>
            </control>
        </control>
        <!--debugging-->
        <include>DebugGrid</include>
        <control type="label">
            <include>DialogID</include>
            <label>script-RCB-contextmenu.xml</label>
        </control>
    </controls>
</window>
