<?xml version="1.0" encoding="UTF-8"?>
<includes>
    <!--Artist Album browser-->
    <include name="musicartistcatalogue">
        <!--fanart-->
        <control type="group">
            <visible>$EXP[isMusicArtistCatalogue]</visible>
            <control type="image">
                <include>dimensionsFullscreen</include>
                <aspectratio scalediffuse="false" align="center">stretch</aspectratio>
                <texture background="true" fallback="special://skin/extras/backgrounds/music.jpg" border="0">$INFO[Container.Art(artist.fanart)]</texture>
                <fadetime>500</fadetime>
                <colordiffuse>77FFFFFF</colordiffuse>
            </control>
            <control type="image">
                <include>dimensionsFullscreen</include>
                <texture>vignette.png</texture>
                <colordiffuse>ffffffff</colordiffuse>
                <aspectratio>stretch</aspectratio>
            </control>
            <control type="group">
                <animation type="Conditional" condition="controlgroup(9000).hasfocus | controlgroup(9002).hasfocus | controlgroup(100).hasfocus">
                    <effect type="fade" start="100" end="0" time="200"/>
                </animation>
                <control type="image">
                    <posx>0</posx>
                    <posy>row-20-begin</posy>
                    <width>fullscreenWidth</width>
                    <height>15-row</height>
                    <aspectratio scalediffuse="false">stretch</aspectratio>
                    <texture border="0">colors/black.png</texture>
                    <colordiffuse>ccffffff</colordiffuse>
                </control>
                <control type="image">
                    <posx>0</posx>
                    <posy>row-20-begin</posy>
                    <width>fullscreenWidth</width>
                    <height>6</height>
                    <aspectratio scalediffuse="false">stretch</aspectratio>
                    <texture border="0">colors/white.png</texture>
                    <colordiffuse>highlight</colordiffuse>
                </control>
                <!--titles-->
                <control type="group">
                    <posx>col-1-begin</posx>
                    <posy>row-6-begin</posy>
                    <control type="label">
                        <posx>24-col</posx>
                        <posy>5-row</posy>
                        <width>24-col</width>
                        <height>8-row</height>
                        <align>right</align>
                        <font>veryLargeLight</font>
                        <textcolor>66ffffff</textcolor>
                        <shadowcolor>-</shadowcolor>
                        <wrapmultiline>true</wrapmultiline>
                        <label>[B]$INFO[container.foldername][/B][CR]$INFO[listitem.title]</label>
                    </control>
                    <control type="label">
                        <visible>false</visible>
                        <posx>0</posx>
                        <posy>12-row</posy>
                        <width>24-col</width>
                        <height>2-row</height>
                        <font>large</font>
                        <textcolor>textActive</textcolor>
                        <shadowcolor>background</shadowcolor>
                        <label>$INFO[container.foldername]</label>
                    </control>
                </control>
                <control type="panel" id="50">
                    <visible>$EXP[isMusicArtistCatalogue]</visible>
                    <posx>72</posx>
                    <posy>row-21-begin</posy>
                    <width>1848</width>
                    <height>9-row</height>
                    <onleft>9000</onleft>
                    <ondown>50</ondown>
                    <onup>50</onup>
                    <pagecontrol>60</pagecontrol>
                    <orientation>horizontal</orientation>
                    <itemlayout width="300" height="300">
                        <control type="image">
                            <posx>0</posx>
                            <posy>0</posy>
                            <width>4-col-gutter</width>
                            <height>4-col-gutter</height>
                            <aspectratio>stretch</aspectratio>
                            <texture border="6">DefaultAlbumCover.png</texture>
                            <bordertexture colordiffuse="overlay">colors/black.png</bordertexture>
                            <bordersize>6</bordersize>
                            <colordiffuse>overlay</colordiffuse>
                        </control>
                        <control type="label">
                            <visible>isempty(listitem.title)</visible>
                            <posx>12</posx>
                            <posy>2-row</posy>
                            <width>240</width>
                            <height>2-row</height>
                            <align>center</align>
                            <aligny>center</aligny>
                            <font>regularStrong</font>
                            <textcolor>textDisabled</textcolor>
                            <label>$INFO[ListItem.label]</label>
                        </control>
                        <control type="label">
                            <visible>!controlgroup(9000).hasfocus</visible>
                            <posx>12</posx>
                            <posy>2-row</posy>
                            <width>240</width>
                            <height>2-row</height>
                            <align>center</align>
                            <aligny>center</aligny>
                            <font>regularStrong</font>
                            <textcolor>textDisabled</textcolor>
                            <label>$INFO[ListItem.Title]</label>
                        </control>
                        <control type="label">
                            <visible>!controlgroup(9000).hasfocus</visible>
                            <posx>12</posx>
                            <posy>3-row</posy>
                            <width>240</width>
                            <height>2-row</height>
                            <align>center</align>
                            <aligny>center</aligny>
                            <font>buttonTitle</font>
                            <textcolor>textDisabled</textcolor>
                            <label>$INFO[ListItem.year,(,)]</label>
                        </control>
                        <control type="image">
                            <posx>0</posx>
                            <posy>0</posy>
                            <width>4-col-gutter</width>
                            <height>4-col-gutter</height>
                            <aspectratio>stretch</aspectratio>
                            <texture border="6">$INFO[Listitem.thumb]</texture>
                            <bordertexture border="6" colordiffuse="overlay">colors/black.png</bordertexture>
                            <bordersize>6</bordersize>
                            <colordiffuse>ffFFFFFF</colordiffuse>
                        </control>
                    </itemlayout>
                    <focusedlayout width="4-col" height="4-col">
                        <control type="group">
                            <include>focusThumb</include>
                            <control type="image">
                                <posx>0</posx>
                                <posy>0</posy>
                                <width>4-col-gutter</width>
                                <height>4-col-gutter</height>
                                <aspectratio>stretch</aspectratio>
                                <texture border="6">DefaultAlbumCover.png</texture>
                                <bordertexture border="6" colordiffuse="ffFFFFFF">colors/white.png</bordertexture>
                                <bordersize>6</bordersize>
                                <colordiffuse>ff666666</colordiffuse>
                            </control>
                            <control type="label">
                                <visible>isempty(listitem.title)</visible>
                                <posx>12</posx>
                                <posy>2-row</posy>
                                <width>240</width>
                                <height>2-row</height>
                                <align>center</align>
                                <aligny>center</aligny>
                                <font>regularStrong</font>
                                <textcolor>textActive</textcolor>
                                <label>$INFO[ListItem.label]</label>
                            </control>
                            <control type="label">
                                <posx>12</posx>
                                <posy>2-row</posy>
                                <width>240</width>
                                <height>2-row</height>
                                <align>center</align>
                                <aligny>center</aligny>
                                <font>regularStrong</font>
                                <textcolor>textActive</textcolor>
                                <label>$INFO[ListItem.Title]</label>
                            </control>
                            <control type="label">
                                <posx>12</posx>
                                <posy>3-row</posy>
                                <width>240</width>
                                <height>2-row</height>
                                <align>center</align>
                                <aligny>center</aligny>
                                <font>buttonTitle</font>
                                <textcolor>textActive</textcolor>
                                <label>$INFO[ListItem.year,(,)]</label>
                            </control>
                            <control type="image">
                                <posx>0</posx>
                                <posy>0</posy>
                                <width>4-col-gutter</width>
                                <height>4-col-gutter</height>
                                <aspectratio>stretch</aspectratio>
                                <texture border="6">$INFO[ListItem.Art(thumb)]</texture>
                                <bordertexture border="6" colordiffuse="ffFFFFFF">colors/white.png</bordertexture>
                                <bordersize>6</bordersize>
                                <colordiffuse>ffffffff</colordiffuse>
                            </control>
                        </control>
                    </focusedlayout>
                </control>
            </control>
        </control>
    </include>
</includes>