<?xml version="1.0" encoding="UTF-8"?>
<window>
    <defaultcontrol always="true">9000</defaultcontrol>
    <include>fadeInOut</include>
    <controls>
        <include>modalDialog</include>
        <control type="group">
            <posx>col-9-begin</posx>
            <posy>row-8-begin</posy>
            <!--animations-->
            <include>modalDialogInOut</include>
            <!--text-->
            <control type="label" id="1">
                <description>heading</description>
                <posx>0</posx>
                <posy>0</posy>
                <width>8-col-gutter</width>
                <height>2-row</height>
                <wrapmultiline>true</wrapmultiline>
                <font>dialogTitle</font>
                <textcolor>textActive</textcolor>
            </control>
            <control type="textbox" id="9">
                <posx>0</posx>
                <posy>84</posy>
                <width>8-col-gutter</width>
                <height>124</height>
                <font>textbox</font>
                <textcolor>textActive</textcolor>
                <autoscroll delay="3000" time="2000" repeat="5000"/>
           </control>
           <!--options-->
           <control type="panel" id="9000">
               <posx>0</posx>
               <posy>228</posy>
               <width>8-col</width>
               <height>6-row</height>
               <orientation>vertical</orientation>
               <itemlayout width="8-col" height="2-row">
                   <control type="label">
                       <posx>0</posx>
                       <posy>0</posy>
                       <width>1-col</width>
                       <height>2-row</height>
                       <align>center</align>
                       <aligny>center</aligny>
                       <font>symbolLarge</font>
                       <textcolor>textActive</textcolor>
                       <label>$INFO[ListItem.label2]</label>
                   </control>
                   <control type="label">
                       <posx>1-col-indent</posx>
                       <posy>-1</posy>
                       <width>7-col-gutter</width>
                       <height>2-row</height>
                       <aligny>center</aligny>
                       <font>buttonTitle</font>
                       <textcolor>textActive</textcolor>
                       <label>$INFO[ListItem.label]</label>
                   </control>
               </itemlayout>
               <focusedlayout width="8-col" height="2-row">
                   <control type="image">
                       <posx>0</posx>
                       <posy>0</posy>
                       <width>1-col-textbox</width>
                       <height>2-row</height>
                       <aspectratio>stretch</aspectratio>
                       <texture>colors/white.png</texture>
                       <colordiffuse>highlight</colordiffuse>
                       <include>spinFocusIcon</include>
                   </control>
                   <control type="image">
                       <posx>1-col</posx>
                       <posy>0</posy>
                       <width>7-col</width>
                       <height>2-row</height>
                       <aspectratio>stretch</aspectratio>
                       <texture>colors/white.png</texture>
                   </control>
                   <control type="label">
                       <posx>0</posx>
                       <posy>0</posy>
                       <width>1-col</width>
                       <height>2-row</height>
                       <align>center</align>
                       <aligny>center</aligny>
                       <font>symbolLarge</font>
                       <textcolor>textActive</textcolor>
                       <label>$INFO[ListItem.label2]</label>
                       <shadowcolor>-</shadowcolor>
                   </control>
                   <control type="label">
                       <posx>1-col-indent</posx>
                       <posy>-1</posy>
                       <width>7-col-gutter</width>
                       <height>2-row</height>
                       <aligny>center</aligny>
                       <font>buttonTitle</font>
                       <textcolor>black</textcolor>
                       <label>$INFO[ListItem.label]</label>
                       <shadowcolor>-</shadowcolor>
                   </control>
               </focusedlayout>
               <content>
                   <item id="1">
                       <visible>control.isvisible(10)</visible>
                       <description>No</description>
                       <label>$INFO[control.getlabel(10)]</label>
                       <label2></label2>
                       <thumb>-</thumb>
                       <onclick>SendClick(10)</onclick>
                   </item>
                   <item id="2">
                       <visible>control.isvisible(11)</visible>
                       <description>Yes / OK</description>
                       <label>$INFO[control.getlabel(11)]</label>
                       <label2></label2>
                       <thumb>-</thumb>
                       <onclick>SendClick(11)</onclick>
                   </item>
                   <item id="3">
                       <visible>control.isvisible(12)</visible>
                       <visible>Control.IsVisible(12)</visible>
                       <description>Custom Button</description>
                       <label>$INFO[control.getlabel(12)]</label>
                       <label2></label2>
                       <thumb>-</thumb>
                       <onclick>SendClick(12)</onclick>
                   </item>
               </content>
           </control>
           <!--buttons (hidden from view)-->
           <control type="group">
               <visible>false</visible>
               <!--selection buttons-->
               <control type="button" id="10">
                   <description>No</description>
               </control>
               <control type="button" id="11">
                     <description>Yes</description>
                 </control>
               <control type="button" id="12">
                   <description>Custom</description>
               </control>
           </control>
        </control>
        <!--debugging-->
        <include>DebugGrid</include>
        <control type="label">
            <include>DialogID</include>
            <label>DialogConfirm.xml</label>
        </control>
    </controls>
</window>
